Abstraction Error;Top Level Violation Abstracted;topLevelViolationActualRegioCentral;relativeTLViolationRegioCentral;topLevelViolationAbstractedRel;abstractionErrorRel;variableAbstraction;runtimePerStepRegioCentral;runtimePerAvppPerStep;Total runtime regio central;time stamps;Top level costs regio central;Root costs regio central;Longest serial path
0.0;0.0;3.637978807091713E-12;2.1130490927453088E-16;0.0;0.0;2.45376E-4;2.786360864;0.116200176;67.26546329600001;1.423867557106E12;2070.121400924804;2070.1214009248033;9.30379728E8
9.094947017729282E-13;0.0;0.0;0.0;0.0;1.716918316336206E-16;2.5256000000000003E-4;2.76863736;0.814179552;65.270639472;1.42386762467E12;2050.069277128686;2050.069277128685;1.353917536E9
0.0;0.0;0.0;0.0;0.0;0.0;2.61616E-4;2.4494456000000002;1.23771736;67.435019968;1.423867690065E12;1788.4541690793799;1787.6093015041015;6.68917568E8
9.094947017729282E-13;1.8189894035458565E-12;1.8189894035458565E-12;1.1509852077559272E-16;1.1509852077559272E-16;1.1833581058479736E-16;2.5792E-4;2.934411104;0.552717392;68.05914080000001;1.423867757628E12;1824.7474712618337;1824.8157351798925;1.16200176E8
0.0;1.8189894035458565E-12;1.8189894035458565E-12;1.1154551519201336E-16;1.1154551519201336E-16;0.0;2.5104E-4;2.750555808;0.09691801600000001;67.158162256;1.423867825816E12;1910.5753910261396;1911.6299572592757;9.72664624E8
0.0;3.637978807091713E-12;0.0;0.0;2.0124006126627928E-16;0.0;2.4744000000000003E-4;2.416879616;0.875746608;66.67980662400001;1.423867893099E12;1865.273443929183;1866.2939443929147;1.239660208E9
9.094947017729282E-13;0.0;0.0;0.0;0.0;1.3751892735583975E-16;2.49168E-4;2.536061632;1.142742192;68.167195072;1.423867959898E12;1846.6585787833471;1847.3992963739388;6.83376224E8
0.0;1.8189894035458565E-12;7.275957614183426E-12;4.446199366097395E-16;1.1115498415243488E-16;0.0;2.53312E-4;2.371663696;0.586458208;67.713179632;1.423868028195E12;1599.2442096175557;1599.3301774357353;9.6918016E7
0.0;0.0;3.637978807091713E-12;2.1923232595079348E-16;0.0;0.0;2.48672E-4;2.132708928;0.100401824;73.384242704;1.423868096039E12;1633.9675997008235;1633.9759997008227;9.66226896E8
9.094947017729282E-13;0.0;0.0;0.0;0.0;1.3311530630837698E-16;2.37984E-4;2.15571664;0.865825072;66.75073776;1.423868169546E12;1716.6882026649437;1716.6966026649425;1.00723184E9
0.0;0.0;7.275957614183426E-12;3.193518943346275E-16;0.0;0.0;2.77696E-4;2.9837081920000004;0.906830016;63.99658916800001;1.423868236439E12;3061.2315100882524;3061.2538550562585;6.08119504E8
0.0;3.637978807091713E-12;0.0;0.0;1.6074761807435366E-16;0.0;2.7582400000000003E-4;2.369319808;0.5077176800000001;65.104955168;1.42386830054E12;3032.397796130444;3034.64132776524;1.00401824E8
9.094947017729282E-13;0.0;7.275957614183426E-12;3.5278815291996445E-16;0.0;1.2398077296802026E-16;2.48096E-4;2.74215504;0.12063262400000001;67.320353072;1.423868365779E12;2679.9728208083634;2679.9728208083616;1.152881632E9
0.0;0.0;3.637978807091713E-12;1.739520902329997E-16;0.0;0.0;1.9216E-4;2.666566784;1.032249008;65.63606200000001;1.423868433233E12;2729.885635961416;2730.679873700167;1.220398304E9
0.0;0.0;3.637978807091713E-12;1.6858231880841152E-16;0.0;0.0;2.4091200000000003E-4;2.733578208;1.09976568;68.588195728;1.423868499003E12;2846.572238548322;2847.3729276757344;7.37040832E8
9.094947017729282E-13;0.0;0.0;0.0;0.0;1.220566352035954E-16;2.3344000000000001E-4;2.836658688;0.6164082080000001;68.44541712;1.423868567721E12;2267.3748733208326;2267.458876551561;1.20632624E8
0.0;0.0;0.0;0.0;0.0;0.0;2.38096E-4;2.778912608;0.11153025600000001;66.08605270400001;1.423868636283E12;2245.970938013435;2246.3075920798124;1.03539264E9
0.0;0.0;0.0;0.0;0.0;0.0;2.32992E-4;2.550088352;0.9238623840000001;66.37344312;1.423868702505E12;1967.7077833581784;1967.7878714505896;1.185179504E9
0.0;0.0;0.0;0.0;0.0;0.0;2.2552000000000002E-4;3.015059232;1.0736492480000002;65.8057252;1.423868769023E12;2007.7342439498511;2007.7662841712865;6.86935984E8
0.0;0.0;0.0;0.0;0.0;0.0;2.31408E-4;2.9035411360000003;0.575405728;80.506068384;1.423868834964E12;2100.0275222534992;2100.035311256162;1.11530256E8
0.0;0.0;0.0;0.0;0.0;0.0;3.09552E-4;2.841118912;0.10595059200000001;64.785330736;1.423868915601E12;2394.8961723156317;2394.8961801246783;8.14805792E8
0.0;0.0;0.0;0.0;0.0;0.0;3.02688E-4;2.36402496;0.7088552;66.720140912;1.423868980528E12;2375.257892347044;2375.257892347043;9.74059312E8
0.0;1.8189894035458565E-12;3.637978807091713E-12;2.353461757165579E-16;1.1767308785827894E-16;0.0;2.8688E-4;2.418339248;0.8681087200000001;67.85362209600001;1.42386904739E12;2118.2031470487473;2118.2034947551338;7.76543936E8
1.8189894035458565E-12;0.0;0.0;0.0;0.0;1.9412190865666665E-16;2.92128E-4;2.565887936;0.670593344;65.48458704000001;1.423869115374E12;2154.1721009042776;2155.3439363301914;1.05950592E8
9.094947017729282E-13;0.0;1.8189894035458565E-12;1.12461837781696E-16;0.0;1.3480170237262098E-16;2.904E-4;2.5970650720000004;0.116273888;68.407164608;1.423869180988E12;2240.3932834331213;2240.4068663936746;9.23788512E8
0.0;0.0;0.0;0.0;0.0;0.0;2.48464E-4;2.296908352;0.8075146240000001;66.84362419200001;1.423869249519E12;2335.4138274832535;2335.4138274832526;1.055336736E9
0.0;0.0;0.0;0.0;0.0;0.0;2.51392E-4;2.121452288;0.9390628480000001;66.25546992000001;1.423869316505E12;2314.2961453387766;2314.296145338775;7.24418672E8
0.0;0.0;3.637978807091713E-12;2.095971386369733E-16;0.0;0.0;2.60752E-4;2.470032304;0.608144784;68.04356838400001;1.423869382883E12;2035.467943158362;2035.4679431583609;1.16273888E8
0.0;0.0;0.0;0.0;0.0;0.0;2.6856E-4;2.416972272;0.103509008;68.480517584;1.42386945104E12;2075.5730915714444;2075.7573396010325;8.06748192E8
0.0;3.637978807091713E-12;3.637978807091713E-12;2.0031495589958332E-16;2.0031495589958332E-16;0.0;2.528E-4;2.424015952;0.7032391840000001;70.90727128;1.423869519648E12;2168.207521163698;2168.207521163697;1.14623088E9
0.0;3.637978807091713E-12;3.637978807091713E-12;1.8224486423270795E-16;1.8224486423270795E-16;0.0;3.1376E-4;2.334527344;1.042721872;70.42375288000001;1.423869590675E12;2334.1995230031384;2334.199523003136;5.58283248E8
0.0;0.0;0.0;0.0;0.0;0.0;2.7528000000000003E-4;2.706273824;0.45477424000000005;67.746132512;1.423869661234E12;2311.5887640697388;2311.5887640697374;1.03509008E8
0.0;0.0;3.637978807091713E-12;2.0132596728684978E-16;0.0;0.0;2.6768E-4;2.8977708480000004;0.123324;64.868642992;1.42386972911E12;2012.7690499168143;2012.941975375007;7.38751296E8
1.8189894035458565E-12;3.637978807091713E-12;3.637978807091713E-12;1.9853882585265343E-16;1.9853882585265343E-16;1.7520000036357617E-16;2.77392E-4;2.7416517440000003;0.615427296;69.29827152;1.423869794099E12;2055.233876707288;2055.9336944467736;9.5696304E8
4.547473508864641E-13;0.0;0.0;0.0;0.0;1.312030831183343E-16;2.71296E-4;2.852349472;0.83363904;65.987123632;1.423869863519E12;2155.020553222888;2155.0205532228865;6.16760256E8
0.0;0.0;0.0;0.0;0.0;0.0;2.2864E-4;2.745649552;0.493436256;65.499540752;1.423869929632E12;2375.500051184808;2375.5503469771347;1.23324E8
0.0;0.0;0.0;0.0;0.0;0.0;2.40432E-4;2.760750528;0.100202144;69.61373856;1.423869995277E12;2355.1400356870913;2355.157974019197;7.3706184E8
0.0;0.0;0.0;0.0;0.0;0.0;2.67904E-4;2.3927509600000003;0.636859696;64.95737336;1.423870065024E12;2087.7714454408683;2087.7714454408674;8.8058504E8
0.0;3.637978807091713E-12;1.8189894035458565E-12;1.1362032127509076E-16;2.272406425501815E-16;0.0;2.5985600000000004E-4;2.493988464;0.7803828960000001;64.450998256;1.423870130123E12;2125.84790228887;2125.8479022888687;6.73355424E8
0.0;0.0;0.0;0.0;0.0;0.0;2.7441600000000004E-4;3.0156567360000004;0.57315328;66.525636288;1.423870194707E12;2214.123158804826;2214.123158804824;1.00202144E8
4.547473508864641E-13;0.0;0.0;0.0;0.0;1.312030831183343E-16;2.83056E-4;3.0895208160000003;0.12089480000000001;65.11235742400001;1.423870261366E12;2351.4019800572164;2351.4019800571978;9.4061776E8
0.0;0.0;0.0;0.0;0.0;0.0;2.75856E-4;3.460670416;0.81972296;65.558667184;1.423870326605E12;2329.1342702798493;2329.1342702798306;1.179106352E9
1.8189894035458565E-12;3.637978807091713E-12;3.637978807091713E-12;2.0141947356195395E-16;2.0141947356195395E-16;1.9494929606237838E-16;2.86624E-4;3.241887584;1.0582115520000002;68.940809296;1.423870392281E12;2034.9139373141459;2034.9428445834083;1.041871808E9
4.547473508864641E-13;0.0;0.0;0.0;0.0;1.312030831183343E-16;2.8528E-4;4.27963544;0.920977008;66.406914688;1.423870461358E12;2077.333697375008;2077.351652330561;1.208948E8
0.0;0.0;0.0;0.0;0.0;0.0;2.8168000000000003E-4;4.248309312;0.110701088;66.4551612;1.423870527892E12;2175.002265578565;2174.949151828766;9.45789168E8
9.094947017729282E-13;0.0;3.637978807091713E-12;2.0722474417815714E-16;0.0;1.5509441310786566E-16;2.54048E-4;2.195245856;0.83508808;65.275670992;1.423870594473E12;2612.499876851658;2612.593355251658;9.35446016E8
0.0;0.0;0.0;0.0;0.0;0.0;2.764E-4;2.392955504;0.8247449280000001;69.080175264;1.423870659884E12;2591.9827255717105;2591.98766057171;6.44102992E8
0.0;0.0;1.8189894035458565E-12;1.144606248386942E-16;0.0;0.0;2.7496000000000004E-4;2.430839744;0.533401904;70.82967499200001;1.423870729085E12;2317.8424903336263;2318.471339990165;1.10701088E8
0.0;1.8189894035458565E-12;3.637978807091713E-12;2.2575208124500837E-16;1.1287604062250419E-16;0.0;2.6059200000000003E-4;2.632936384;0.11601176;67.628867424;1.42387080005E12;2357.743384354888;2357.743384354887;9.34630256E8
0.0;0.0;0.0;0.0;0.0;0.0;2.8656E-4;2.552006528;0.818618496;66.245999008;1.423870867816E12;2447.981714260338;2447.981714260337;1.212183952E9
1.8189894035458565E-12;1.8189894035458565E-12;0.0;0.0;1.2395072243864002E-16;2.0776414543805297E-16;2.82416E-4;2.12931008;1.096172192;;;1756.1768169442753;1756.5118362747342;7.60499248E8
0.0;0.0;1.8189894035458565E-12;1.2478262220501424E-16;0.0;0.0;2.84992E-4;2.162776576;0.644487488;;;1740.0828204043587;1740.2283003555262;1.1601176E8
4.547473508864641E-13;1.8189894035458565E-12;3.637978807091713E-12;2.738568156192178E-16;1.369284078096089E-16;1.1431134995365825E-16;2.86128E-4;1.9121489440000001;0.10442785600000001;;;1528.1964293097988;1528.2861368733809;1.142210128E9
9.094947017729282E-13;1.8189894035458565E-12;3.637978807091713E-12;2.700655626172547E-16;1.3503278130862734E-16;1.1131548546426333E-16;2.8022400000000003E-4;2.0120298240000003;1.037782272;;;1558.649869080953;1558.6816679798173;1.0232692E9
0.0;1.8189894035458565E-12;3.637978807091713E-12;2.6172883990834667E-16;1.3086441995417333E-16;0.0;2.7836800000000003E-4;2.503960048;0.9188413440000001;;;1628.9801416409232;1628.9856259635305;6.4192512E8
4.547473508864641E-13;0.0;0.0;0.0;0.0;1.1431134995365825E-16;2.9576E-4;2.005451088;0.5374972640000001;;;2594.9214545811697;2596.7953188636766;1.04427856E8
9.094947017729282E-13;0.0;3.637978807091713E-12;2.066219087746797E-16;0.0;1.1131548546426333E-16;2.8249600000000003E-4;2.0280585280000003;0.11963011200000001;;;2574.2654099265683;2575.450754538014;1.148199456E9
0.0;1.8189894035458565E-12;1.8189894035458565E-12;1.133667833194575E-16;1.133667833194575E-16;0.0;3.1713600000000003E-4;2.321542112;1.028569344;;;2300.8812557140523;2301.0700453466015;1.170429568E9
4.547473508864641E-13;1.8189894035458565E-12;1.8189894035458565E-12;1.117973421623661E-16;1.117973421623661E-16;1.1431134995365825E-16;3.3172800000000005E-4;1.9960080800000002;1.050799456;;;2339.541261073474;2340.169893401684;5.86786768E8
9.094947017729282E-13;0.0;0.0;0.0;0.0;1.1131548546426333E-16;3.4392E-4;2.260859808;0.467156656;;;2430.132019338741;2430.1320961424713;1.19630112E8
9.094947017729282E-13;0.0;0.0;0.0;0.0;1.113426906844884E-16;2.94976E-4;2.312964144;0.12361619200000001;;;3160.24748858958;3160.2474908345207;1.1369912E9
9.094947017729282E-13;0.0;0.0;0.0;0.0;1.925850865700546E-16;2.73904E-4;2.514219424;1.0133750080000001;;;3137.2347468234684;3137.234746823468;1.256503376E9
0.0;0.0;3.637978807091713E-12;1.9955563053305107E-16;0.0;0.0;2.65904E-4;2.36790872;1.132887184;;;2833.9201767160303;2833.9201767160293;6.23421168E8
9.094947017729282E-13;0.0;3.637978807091713E-12;1.9679299750671433E-16;0.0;1.1134270431534987E-16;2.7468800000000004E-4;2.6951771680000003;0.499804976;;;2879.025568468075;2877.4782380939196;1.23616192E8
0.0;0.0;0.0;0.0;0.0;0.0;2.72128E-4;2.416802048;0.108721888;;;2977.882997353425;2977.8829973534243;6.999324E8
0.0;1.8189894035458565E-12;1.8189894035458565E-12;1.2975749035627044E-16;1.2975749035627044E-16;0.0;2.4664E-4;2.005949568;0.5912105120000001;;;1896.9877678748112;1897.3666072347303;1.604956736E9
9.094947017729282E-13;0.0;0.0;0.0;0.0;1.1140618173320934E-16;2.43328E-4;2.518196272;1.496234848;;;1880.5018471456058;1881.2645698623685;6.24129328E8
0.0;0.0;0.0;0.0;0.0;0.0;2.51808E-4;2.58606128;0.51540744;;;1672.0173112603566;1672.017311260356;1.08721888E8
4.547473508864641E-13;0.0;0.0;0.0;0.0;1.222305032094519E-16;2.71776E-4;2.500260688;0.114529216;;;1701.6067295262765;1701.6067295262758;8.32516224E8
9.094947017729282E-13;1.8189894035458565E-12;1.8189894035458565E-12;1.3699507656027246E-16;1.3699507656027246E-16;1.1134270431534987E-16;2.7772800000000004E-4;2.5932271040000003;0.717987008;;;1769.2385277453293;1770.5883200108813;1.056594544E9
0.0;0.0;3.637978807091713E-12;1.380475009425488E-16;0.0;0.0;2.75696E-4;2.705591344;0.9420653280000001;;;3531.642645969665;3532.2542169823087;8.20598384E8
0.0;0.0;0.0;0.0;0.0;0.0;2.7032E-4;2.612059136;0.7060691680000001;;;3500.7838844161092;3501.161509083541;1.14529216E8
9.094947017729282E-13;3.637978807091713E-12;3.637978807091713E-12;1.5250112411015724E-16;1.5250112411015724E-16;1.138774205988731E-16;2.81552E-4;2.926714832;0.11080553600000001;;;3098.4863121475637;3104.074243665894;1.11923696E9
0.0;0.0;7.275957614183426E-12;3.007798202096909E-16;0.0;0.0;2.704E-4;2.4604211360000003;1.008431424;;;3156.1876597019327;3161.7595453274366;1.30605088E9
4.547473508864641E-13;0.0;7.275957614183426E-12;2.9149497125219113E-16;0.0;1.222305032094519E-16;2.6611200000000004E-4;2.541635952;1.1952453440000002;;;3289.754155121287;3293.2428958718024;7.45838064E8
0.0;7.275957614183426E-12;1.4551915228366852E-11;5.884352590955266E-16;2.942176295477633E-16;0.0;2.70032E-4;2.765725632;0.635032528;;;2936.328917957873;2937.3228450383076;1.10805536E8
4.547473508864641E-13;0.0;0.0;0.0;0.0;1.1630707919985636E-16;2.65248E-4;2.47511552;0.12648209600000002;;;2909.6861268737293;2909.4691980665457;1.075275728E9
0.0;3.637978807091713E-12;3.637978807091713E-12;1.6251116076969996E-16;1.6251116076969996E-16;0.0;2.6947200000000004E-4;2.7088063680000003;0.9487936320000001;;;2547.0680663929134;2547.305301280452;1.376884512E9
0.0;0.0;3.637978807091713E-12;1.6026136857545596E-16;0.0;0.0;2.8435200000000003E-4;2.5300302400000003;1.250402416;;;2598.3816128534186;2598.5412594850222;6.37625504E8
0.0;0.0;3.637978807091713E-12;1.553142195283293E-16;0.0;0.0;2.70672E-4;2.323878752;0.511143408;;;2718.4344223286134;2718.4344223286116;1.26482096E8
0.0;3.637978807091713E-12;0.0;0.0;2.1222180612407654E-16;0.0;2.77072E-4;2.0806837280000003;0.10680868800000001;;;1899.5017268004422;1899.9179487505037;1.061760576E9
0.0;3.637978807091713E-12;0.0;0.0;2.1364614046808599E-16;0.0;2.78432E-4;2.458665888;0.9549518880000001;;;1880.637231710259;1880.852875003455;1.580496784E9
4.547473508864641E-13;0.0;0.0;0.0;0.0;1.1767326570070688E-16;2.9296000000000004E-4;2.029958464;1.473688096;;;1630.8972426260577;1631.0368803828444;3.49046512E8
0.0;3.637978807091713E-12;3.637978807091713E-12;2.3119591537242166E-16;2.3119591537242166E-16;0.0;2.7931200000000004E-4;1.9107744800000002;0.24223782400000002;;;1666.1003157312537;1666.3436915584589;1.06808688E8
0.0;1.8189894035458565E-12;1.8189894035458565E-12;1.1202953485730012E-16;1.1202953485730012E-16;0.0;2.748E-4;2.622266272;0.11088924800000001;;;1748.3525281584677;1748.359808034042;9.81458E8
0.0;0.0;0.0;0.0;0.0;0.0;2.4204800000000002E-4;2.2794084960000003;0.8705687520000001;;;1988.789113627133;1990.4911197251286;1.196016864E9
0.0;3.637978807091713E-12;3.637978807091713E-12;1.7729418135530608E-16;1.7729418135530608E-16;0.0;2.52352E-4;2.491184592;1.085127616;;;1965.7255101481594;1967.4458843420512;3.40804944E8
0.0;0.0;0.0;0.0;0.0;0.0;2.6184E-4;2.4931493920000003;0.229915696;;;1674.418258582142;1674.4182585821395;1.10889248E8
0.0;0.0;0.0;0.0;0.0;0.0;2.5704E-4;2.456212448;0.09687280000000001;;;1715.4742495181424;1715.47424951814;1.06263104E9
9.094947017729282E-13;0.0;3.637978807091713E-12;1.859353473610512E-16;0.0;1.5544017501562458E-16;2.4934400000000003E-4;2.634564352;0.9657582400000001;;;1812.3974877130483;1812.1726034694361;1.187961104E9
0.0;0.0;3.637978807091713E-12;2.2138714071621091E-16;0.0;0.0;2.2985600000000002E-4;2.314918592;1.0910883040000001;;;2153.2047580451167;2153.250843250167;2.96256992E8
9.094947017729282E-13;0.0;1.8189894035458565E-12;1.114364942677714E-16;0.0;1.831521241221294E-16;2.1702400000000001E-4;2.235567584;0.19938419200000002;;;2134.4164015290717;2134.4181105340845;9.68728E7
0.0;0.0;3.637978807091713E-12;2.4456645424393707E-16;0.0;0.0;2.3136E-4;2.2480512960000003;0.123664272;;;1887.0696834496352;1887.6765653162315;1.176357152E9
0.0;0.0;0.0;0.0;0.0;0.0;1.6745600000000002E-4;2.640348416;1.0526928800000002;;;1923.1046026333288;1923.113632856368;1.223640496E9
0.0;0.0;1.8189894035458565E-12;1.1686781321295608E-16;0.0;0.0;2.20912E-4;2.449328848;1.0999762240000002;;;2004.6874925024554;2004.687492502455;3.492216E8
9.094947017729282E-13;0.0;0.0;0.0;0.0;1.2537737647796434E-16;1.464E-4;2.628832992;0.225557328;;;2661.42745423544;2661.4407400896835;1.23664272E8
0.0;0.0;0.0;0.0;0.0;0.0;2.76208E-4;2.9731443040000003;0.13174376000000002;;;2639.3413671947005;2639.359733754051;1.170787584E9
0.0;0.0;0.0;0.0;0.0;0.0;2.84784E-4;2.7936518560000003;1.0390438240000002;;;2347.7522772195293;2347.752277219528;1.287343968E9
0.0;0.0;3.637978807091713E-12;2.0193931230114612E-16;0.0;0.0;2.76672E-4;2.903336368;1.155600208;;;2389.751436044175;2389.7514360441733;3.36277168E8
0.0;0.0;0.0;0.0;0.0;0.0;2.7355200000000004E-4;2.964929744;0.204533408;;;2486.660706981259;2486.473859992501;1.3174376E8
9.094947017729282E-13;0.0;7.275957614183426E-12;3.1621921495320653E-16;0.0;1.831521241221294E-16;2.2438400000000003E-4;2.082329632;0.128380944;;;2682.4352777557365;2684.733622728587;1.023815488E9
9.094947017729282E-13;0.0;7.275957614183426E-12;3.183415316760706E-16;0.0;1.2858974927606484E-16;2.60784E-4;2.3433806240000004;0.8954345440000001;;;2656.618447764609;2659.0163833529996;7.91377616E8
0.0;3.637978807091713E-12;3.637978807091713E-12;1.746637404383898E-16;1.746637404383898E-16;0.0;2.21408E-4;2.4026797760000003;0.662996672;;;2319.0981838776524;2321.319465295722;6.63917632E8
9.094947017729282E-13;0.0;0.0;0.0;0.0;1.831521241221294E-16;2.33488E-4;2.404405696;0.535536688;;;2366.470981198721;2369.9039534531994;1.28380944E8
0.0;0.0;3.637978807091713E-12;1.6692861214948103E-16;0.0;0.0;2.24032E-4;2.5260301440000004;0.11178792000000001;;;2478.418444193954;2481.1959624448846;8.50046656E8
0.0;0.0;1.8189894035458565E-12;1.3469739940621397E-16;0.0;0.0;2.9073600000000004E-4;2.448213376;0.738258736;;;1711.8916024509701;1712.8863970957889;7.46260944E8
0.0;0.0;0.0;0.0;0.0;0.0;2.89056E-4;2.779457072;0.634473024;;;1696.4244296879317;1696.9520015649866;6.78553088E8
0.0;0.0;0.0;0.0;0.0;0.0;2.75296E-4;2.873238288;0.566765168;;;1488.5014956716714;1488.616199855197;1.1178792E8
0.0;3.637978807091713E-12;1.8189894035458565E-12;1.4674028613156414E-16;2.934805722631283E-16;0.0;2.7817600000000004E-4;2.570483792;0.13692627200000002;;;1518.5627248611845;1518.5627248611843;1.082801952E9
0.0;0.0;0.0;0.0;0.0;0.0;2.6892800000000004E-4;2.5919153440000002;0.9458756800000001;;;1587.545796833718;1587.5457968337178;8.66403072E8
0.0;0.0;0.0;0.0;0.0;0.0;2.5691200000000004E-4;2.5370642240000003;0.7294768;;;1983.2312291167145;1983.82861985352;7.01241072E8
9.094947017729282E-13;1.8189894035458565E-12;1.8189894035458565E-12;1.3448905695119256E-16;1.3448905695119256E-16;1.149897754167048E-16;2.62016E-4;2.560791152;0.5643148;;;1967.319914796417;1967.8161266160257;1.36926272E8
0.0;0.0;1.8189894035458565E-12;1.475796237547139E-16;0.0;0.0;2.65472E-4;2.699393504;0.11321449600000001;;;1751.6884715588405;1752.4398544216835;8.8670552E8
0.0;0.0;1.8189894035458565E-12;1.4553654262736083E-16;0.0;0.0;2.59344E-4;2.8138408480000003;0.773491024;;;1781.639683249642;1783.140586425407;9.51612976E8
9.094947017729282E-13;0.0;0.0;0.0;0.0;1.1185541148178163E-16;2.6568E-4;2.6892440480000004;0.8383984800000001;;;1854.7096615637408;1854.7096615637402;7.2400568E8
0.0;0.0;1.8189894035458565E-12;1.6069738306574967E-16;0.0;0.0;2.96384E-4;3.261542688;0.610791184;;;1363.6481340795538;1363.6481340795524;1.13214496E8
4.547473508864641E-13;0.0;1.8189894035458565E-12;1.61775909376845E-16;0.0;1.3879088258000095E-16;2.9264000000000004E-4;2.611654;0.13842232000000002;;;1349.8583665292479;1349.889281699136;1.040420256E9
0.0;1.8189894035458565E-12;1.8189894035458565E-12;1.7752245706560272E-16;1.7752245706560272E-16;0.0;2.95072E-4;2.70398488;0.9019979360000001;;;1173.993735498782;1173.6676175079774;9.04475296E8
0.0;1.8189894035458565E-12;1.8189894035458565E-12;1.7506484962302718E-16;1.7506484962302718E-16;0.0;2.5995200000000003E-4;2.6522621440000003;0.766052976;;;1198.9811651447428;1198.9811651447421;6.88922368E8
4.547473508864641E-13;0.0;0.0;0.0;0.0;1.3879088258000095E-16;2.59552E-4;2.632746992;0.5505000480000001;;;1257.3624395711815;1257.3624395711804;1.3842232E8
0.0;0.0;0.0;0.0;0.0;0.0;2.57488E-4;2.855575872;0.116514064;;;2177.8138252652393;2177.8815829050786;8.31475984E8
0.0;0.0;0.0;0.0;0.0;0.0;2.62384E-4;2.690324768;0.71496192;;;2157.8075409156795;2158.1238752011805;1.014445616E9
1.8189894035458565E-12;0.0;0.0;0.0;0.0;2.1250226874004232E-16;1.85904E-4;2.5402358560000002;0.8979315520000001;;;1897.0282457700018;1897.9489336483596;6.53712608E8
9.094947017729282E-13;0.0;0.0;0.0;0.0;1.3830215105090372E-16;2.47424E-4;2.844117056;0.537198544;;;1934.6515337991664;1935.4993299501732;1.16514064E8
0.0;0.0;3.637978807091713E-12;2.0841252897881574E-16;0.0;0.0;2.59056E-4;2.5504302720000003;0.10626094400000001;;;2021.7530774979828;2022.78548567427;1.146634368E9
1.8189894035458565E-12;0.0;3.637978807091713E-12;1.7752849215050272E-16;0.0;2.1585670107789633E-16;2.1756800000000001E-4;2.4266857920000002;1.040373424;;;2575.684973981511;2575.7559029129434;9.85373024E8
0.0;0.0;3.637978807091713E-12;1.78719981060282E-16;0.0;0.0;2.08624E-4;2.6841861600000003;0.8791120800000001;;;2552.4036116550883;2552.8737986126544;7.20162048E8
0.0;0.0;0.0;0.0;0.0;0.0;2.04656E-4;2.456830672;0.6139011040000001;;;2253.40355581795;2253.4343575083208;1.06260944E8
0.0;3.637978807091713E-12;3.637978807091713E-12;1.9340077721996553E-16;1.9340077721996553E-16;0.0;2.13632E-4;2.5547304;0.11385547200000001;;;2295.5291366914776;2296.328893482668;1.15776952E9
9.094947017729282E-13;0.0;0.0;0.0;0.0;1.3830215105090372E-16;2.144E-4;2.436347952;1.043914048;;;2394.9761660368417;2395.0305535709012;1.149973024E9
0.0;0.0;3.637978807091713E-12;2.0583697503095994E-16;0.0;0.0;2.46112E-4;2.355953456;1.036117552;;;2046.5063215037023;2046.5819946943845;7.48846368E8
0.0;0.0;0.0;0.0;0.0;0.0;2.64336E-4;2.311415968;0.634990896;;;2027.0526874618665;2027.0972281769734;1.13855472E8
0.0;1.8189894035458565E-12;3.637978807091713E-12;2.2738818059965806E-16;1.1369409029982903E-16;0.0;2.6462400000000003E-4;2.348682896;0.11716987200000001;;;1766.1356857179587;1768.4273256319334;1.085187968E9
0.0;1.8189894035458565E-12;3.637978807091713E-12;2.242402358594108E-16;1.121201179297054E-16;0.0;2.79104E-4;2.402017856;0.9680180960000001;;;1803.3272815722046;1805.396726389115;1.1307092E9
0.0;0.0;0.0;0.0;0.0;0.0;2.82432E-4;2.21532968;1.013539328;;;1888.3801113836637;1890.7098503334041;6.92622432E8
9.094947017729282E-13;0.0;3.637978807091713E-12;1.8289161313364104E-16;0.0;1.496361481074549E-16;2.86352E-4;2.601746464;0.57545256;;;2719.82785658974;2719.8278565897385;1.17169872E8
4.547473508864641E-13;3.637978807091713E-12;0.0;0.0;1.8411909682429075E-16;1.186512994747125E-16;2.6712000000000003E-4;2.452985968;0.130240256;;;2696.7370733256284;2697.231288015436;1.226482656E9
9.094947017729282E-13;0.0;0.0;0.0;0.0;1.189653615712545E-16;2.63568E-4;2.557818304;1.0962424000000002;;;2403.0935838773858;2401.9824943815192;1.052628864E9
9.094947017729282E-13;0.0;0.0;0.0;0.0;1.4963617272659832E-16;2.7636800000000003E-4;2.519147536;0.9223886080000001;;;2444.159486476447;2444.4519544990026;7.53095168E8
0.0;3.637978807091713E-12;3.637978807091713E-12;1.9309290334362656E-16;1.9309290334362656E-16;0.0;2.6467200000000003E-4;2.600036048;0.6228549120000001;;;2542.099934666103;2542.1179392837194;1.30240256E8
0.0;1.8189894035458565E-12;1.8189894035458565E-12;1.1746433265702353E-16;1.1746433265702353E-16;0.0;2.89616E-4;2.4859508800000003;0.141935648;;;2298.9528642057426;2299.0116056626616;8.55847552E8
9.094947017729282E-13;1.8189894035458565E-12;1.8189894035458565E-12;1.1825269878327226E-16;1.1825269878327226E-16;1.7956340727191796E-16;2.7560000000000003E-4;3.026208816;0.713911904;;;2280.864753761105;2281.062711051113;1.271544016E9
0.0;0.0;0.0;0.0;0.0;0.0;2.852E-4;2.789063232;1.129608368;;;2044.159255300913;2044.4902449464728;8.3401216E8
0.0;0.0;0.0;0.0;0.0;0.0;1.52048E-4;2.8347149280000004;0.6920765120000001;;;2078.2480532089335;2078.2567761483683;1.41935648E8
9.094947017729282E-13;0.0;1.8189894035458565E-12;1.2401623367766232E-16;0.0;1.4963617272659832E-16;2.87504E-4;2.596103648;0.133232016;;;2156.097347005618;2156.1205701515873;9.31758832E8
0.0;0.0;0.0;0.0;0.0;0.0;3.1256000000000003E-4;3.8787207840000004;0.7985268160000001;;;2481.43252133377;2481.4507171532955;1.247679552E9
0.0;0.0;0.0;0.0;0.0;0.0;3.01552E-4;2.5690120960000002;1.1144475360000001;;;2462.360272463028;2462.3995710715535;7.81743232E8
9.094947017729282E-13;1.8189894035458565E-12;0.0;0.0;1.1884744363443643E-16;1.4963617272659832E-16;3.00096E-4;2.77815096;0.6485112160000001;;;2211.8203784617926;2211.8203784617913;1.33232016E8
0.0;0.0;1.8189894035458565E-12;1.1720212863128092E-16;0.0;0.0;3.05424E-4;2.7615268640000004;0.135646864;;;2247.7018589622867;2247.7018589622853;8.53305904E8
0.0;0.0;0.0;0.0;0.0;0.0;2.97744E-4;2.922252208;0.71765904;;;2330.585434017031;2330.697638157008;1.029189072E9
9.094947017729282E-13;0.0;0.0;0.0;0.0;1.9072628700294034E-16;3.0897600000000003E-4;2.998936512;0.8935422080000001;;;1941.4270606623836;1941.4149351969638;7.1475096E8
0.0;0.0;0.0;0.0;0.0;0.0;3.15664E-4;2.7055640800000003;0.579104096;;;1921.6916458213623;1921.892107900868;1.35646864E8
1.8189894035458565E-12;0.0;1.8189894035458565E-12;1.2094598167059426E-16;0.0;2.12602485766517E-16;3.0736E-4;3.2231871200000004;0.12245873600000001;;;1669.3479629100489;1669.3479629100484;9.51160992E8
9.094947017729282E-13;1.8189894035458565E-12;0.0;0.0;1.1927161466589797E-16;1.9072628700294034E-16;3.0416000000000004E-4;3.358779376;0.828702256;;;1705.1558035169528;1705.1558035169526;1.0117E9
0.0;0.0;1.8189894035458565E-12;1.155897887830381E-16;0.0;0.0;3.1840000000000004E-4;3.150683088;0.889241264;;;1787.2747840621512;1788.0830363764546;7.00511744E8
1.8189894035458565E-12;0.0;0.0;0.0;0.0;2.12602485766517E-16;3.4656000000000004E-4;2.6475432480000003;0.578053008;;;2320.5649318885203;2320.599649102159;1.22458736E8
0.0;0.0;3.637978807091713E-12;2.1869268408095734E-16;0.0;0.0;2.9206400000000003E-4;2.6226884640000003;0.1278916;;;2301.5402483944304;2301.540248394429;8.82590688E8
0.0;0.0;1.8189894035458565E-12;1.1998962877064774E-16;0.0;0.0;2.73984E-4;2.4778445920000003;0.7546990880000001;;;2050.1164642749027;2050.1657822591787;1.412970656E9
0.0;0.0;1.000444171950221E-9;6.508067579366308E-14;0.0;0.0;2.73184E-4;2.783665184;1.285079056;;;2086.5004248598875;2086.433632889089;9.08676976E8
9.094947017729282E-13;0.0;0.0;0.0;0.0;1.9072628700294034E-16;2.78112E-4;2.6742362720000004;0.7807853760000001;;;2169.803818610221;2169.8396969331475;1.278916E8
0.0;0.0;3.637978807091713E-12;1.6233661436853381E-16;0.0;0.0;2.55408E-4;1.9850010240000002;0.137178288;;;2599.4822367198603;2600.571109751585;1.08376176E9
0.0;0.0;3.637978807091713E-12;1.6342614243993347E-16;0.0;0.0;2.48848E-4;2.195044064;0.946583472;;;2573.725084972165;2574.1944061974855;1.294732704E9
9.094947017729282E-13;0.0;3.637978807091713E-12;1.7933331647735818E-16;0.0;1.9072628700294034E-16;2.64336E-4;1.9482341120000002;1.157554416;;;2247.39657651262;2247.396576512619;9.16483088E8
0.0;3.637978807091713E-12;7.275957614183426E-12;3.5370127926863436E-16;1.7685063963431718E-16;0.0;2.5272E-4;2.113918928;0.7793048;;;2293.929977538113;2293.9299775381114;1.37178288E8
9.094947017729282E-13;0.0;7.275957614183426E-12;3.427827842984791E-16;0.0;1.1435218430519833E-16;2.52048E-4;2.3667049600000003;0.127936032;;;2400.9954304111757;2400.995430411175;1.206740864E9
1.8189894035458565E-12;1.8189894035458565E-12;1.8189894035458565E-12;1.1998735735409592E-16;1.1998735735409592E-16;2.1263549069220832E-16;2.78832E-4;2.7020701760000003;1.078804832;;;1810.4318839900668;1810.2601080114434;1.672235616E9
0.0;1.8189894035458565E-12;0.0;0.0;1.2079265685204878E-16;0.0;2.65792E-4;2.8806488160000003;1.544299584;;;1792.3688512980336;1793.1066770175921;7.70625392E8
9.094947017729282E-13;0.0;1.8189894035458565E-12;1.3255007697040401E-16;0.0;1.2958217462039306E-16;2.6152E-4;2.905505008;0.64268936;;;1563.6726791251676;1563.6726791251667;1.27936032E8
0.0;1.8189894035458565E-12;3.637978807091713E-12;2.6143012749952187E-16;1.3071506374976093E-16;0.0;1.9155200000000003E-4;2.8688193440000003;0.132456288;;;1596.3264578809985;1596.3264578809976;1.169209392E9
0.0;0.0;0.0;0.0;0.0;0.0;2.75424E-4;2.922485328;1.036753104;;;1671.7643243138825;1671.5254555063404;1.427923056E9
0.0;0.0;3.637978807091713E-12;1.713633226766455E-16;0.0;0.0;2.51632E-4;2.192029792;1.295466768;;;2446.374250895358;2447.6486150521123;8.42267392E8
9.094947017729282E-13;0.0;0.0;0.0;0.0;1.2143758790977414E-16;2.54128E-4;2.528507632;0.709811104;;;2422.204527063536;2422.709622469172;1.32456288E8
0.0;0.0;0.0;0.0;0.0;0.0;2.5176E-4;2.3640727360000002;0.12149385600000001;;;2110.669061063602;2110.6713374711358;1.200092064E9
9.094947017729282E-13;3.637978807091713E-12;3.637978807091713E-12;1.8668439860663314E-16;1.8668439860663314E-16;1.2958217462039306E-16;2.5904000000000004E-4;2.5607243680000003;1.078598208;;;2157.4396101913717;2155.327185141155;2.419157936E9
9.094947017729282E-13;0.0;0.0;0.0;0.0;1.1789194499531584E-16;2.4988800000000003E-4;2.444686784;2.29766408;;;2257.564541775667;2257.566557672981;8.34597696E8
0.0;0.0;0.0;0.0;0.0;0.0;2.55616E-4;1.9207414880000002;0.71310384;;;2130.737239277309;2130.7374151231566;1.21493856E8
0.0;0.0;3.637978807091713E-12;2.0353082925319448E-16;0.0;0.0;2.4912000000000003E-4;2.434164464;0.13214048;;;2110.72291770407;2110.7373918175645;1.37627248E9
1.8189894035458565E-12;1.8189894035458565E-12;3.637978807091713E-12;2.2334161518116743E-16;1.1167080759058372E-16;2.2094150367159957E-16;2.48144E-4;2.264816768;1.244132;;;1846.557627741165;1846.5576304183842;2.26381816E9
0.0;0.0;3.637978807091713E-12;2.202496907859162E-16;0.0;0.0;2.48576E-4;2.4660513760000002;2.13167768;;;1884.653603121398;1884.6536031213973;8.06158784E8
9.094947017729282E-13;0.0;0.0;0.0;0.0;1.2958217462039306E-16;2.6704E-4;2.265534304;0.6740183040000001;;;1972.3059665521528;1972.3059665521523;1.3214048E8
0.0;0.0;3.637978807091713E-12;2.003093164814135E-16;0.0;0.0;2.83232E-4;2.632031904;0.11800598400000001;;;2543.8172184547443;2544.115049361884;8.58271968E8
9.094947017729282E-13;3.637978807091713E-12;3.637978807091713E-12;2.0165369971940522E-16;2.0165369971940522E-16;1.551495425335115E-16;1.7393600000000002E-4;3.0462022400000004;0.7402659840000001;;;2522.773344955038;2522.992483333706;9.2357472E8
0.0;0.0;3.637978807091713E-12;2.2128177420513901E-16;0.0;0.0;2.9595200000000004E-4;3.0350080000000004;0.805568736;;;2244.5452249061977;2244.5505603808156;5.84085936E8
9.094947017729282E-13;0.0;3.637978807091713E-12;2.1821836609226063E-16;0.0;1.858386905775135E-16;2.83232E-4;2.801799376;0.466079952;;;2284.6575513008343;2284.6575513008333;1.18005984E8
0.0;0.0;0.0;0.0;0.0;0.0;2.87184E-4;2.994739392;0.119155248;;;2376.754285423901;2376.981747181061;9.02950096E8
1.8189894035458565E-12;3.637978807091713E-12;7.275957614183426E-12;3.2205430206624127E-16;1.6102715103312064E-16;1.9385858710110118E-16;2.3019200000000002E-4;2.088857392;0.7837948480000001;;;2999.4834271450973;2999.645715804584;9.46570288E8
9.094947017729282E-13;0.0;0.0;0.0;0.0;2.1681180567376574E-16;2.2702400000000001E-4;2.027726016;0.8274150400000001;;;2974.6118889800528;2974.7480700178703;7.11563776E8
0.0;3.637978807091713E-12;0.0;0.0;1.7788675185816488E-16;0.0;2.16128E-4;2.02125192;0.592408528;;;2646.42082899382;2646.465617087225;1.19155248E8
0.0;0.0;3.637978807091713E-12;1.7542410114608816E-16;0.0;0.0;2.1785600000000002E-4;2.0786091200000003;0.12949222400000002;;;2693.6861541567923;2693.6861541567914;9.72209104E8
9.094947017729282E-13;3.637978807091713E-12;0.0;0.0;1.7000888984131689E-16;2.086864801813024E-16;2.17616E-4;2.167677696;0.84271688;;;2802.5239856255007;2802.5239856254993;9.00469408E8
0.0;1.8189894035458565E-12;1.8189894035458565E-12;1.3616347355670432E-16;1.3616347355670432E-16;0.0;2.60608E-4;1.846072704;0.770977184;;;1419.16249791353;1419.2857800506972;7.44421984E8
0.0;3.637978807091713E-12;0.0;0.0;2.7415467928974354E-16;0.0;2.7296000000000004E-4;1.8341487840000001;0.61492976;;;1404.999760656699;1405.117616549618;1.29492224E8
0.0;0.0;0.0;0.0;0.0;0.0;2.6004800000000003E-4;2.0967369120000003;0.123337872;;;1217.9437780722747;1217.9483361648627;1.053473856E9
0.0;1.8189894035458565E-12;1.8189894035458565E-12;1.483374375337546E-16;1.483374375337546E-16;0.0;2.59712E-4;2.002796896;0.9301359840000001;;;1244.8215151003797;1244.821570168629;1.047677584E9
0.0;1.8189894035458565E-12;1.8189894035458565E-12;1.4375837135410439E-16;1.4375837135410439E-16;0.0;2.71184E-4;2.2220391200000003;0.9243397120000001;;;1306.691276935665;1306.7608527294278;7.10915072E8
0.0;0.0;3.637978807091713E-12;1.85071690392525E-16;0.0;0.0;2.66688E-4;2.58088392;0.5875772;;;2674.082658650329;2674.20958235398;1.23337872E8
4.547473508864641E-13;3.637978807091713E-12;0.0;0.0;1.8631380575071699E-16;1.50105205960315E-16;2.5816E-4;2.280742176;0.13192641600000002;;;2652.931186586311;2652.884087775705;9.9521E8
9.094947017729282E-13;0.0;0.0;0.0;0.0;1.497819766180812E-16;2.6024E-4;2.557674016;0.863283584;;;2371.3164398570593;2371.863903091102;1.026850544E9
0.0;0.0;3.637978807091713E-12;2.0161838998206015E-16;0.0;0.0;2.68224E-4;2.461986848;0.8949241280000001;;;2411.683822570523;2412.2312858045657;7.25952704E8
4.547473508864641E-13;0.0;0.0;0.0;0.0;1.50105205960315E-16;2.56176E-4;2.4410270720000002;0.594026288;;;2504.562314498278;2505.4002708617872;1.31926416E8
9.094947017729282E-13;0.0;0.0;0.0;0.0;1.497819766180812E-16;2.8152E-4;2.0861897920000003;0.09494411200000001;;;2192.0668706912943;2190.9627045848747;1.007950496E9
4.547473508864641E-13;0.0;3.637978807091713E-12;2.210918640282574E-16;0.0;1.1672589408974176E-16;2.8592E-4;2.3256335360000002;0.913006384;;;2171.1930014935756;2171.140469717173;8.89346704E8
4.547473508864641E-13;1.8189894035458565E-12;1.8189894035458565E-12;1.2130598149840495E-16;1.2130598149840495E-16;1.50105205960315E-16;2.8024E-4;2.185626816;0.7944025920000001;;;1915.7524223948872;1915.7971807825127;3.54692816E8
0.0;0.0;9.999999983847374E-4;6.576543560778904E-8;0.0;0.0;2.7668800000000003E-4;2.1796824160000003;0.259748704;;;1952.3800421249216;1952.3835196410275;9.4944112E7
4.547473508864641E-13;1.8189894035458565E-12;1.8189894035458565E-12;1.1593384572055508E-16;1.1593384572055508E-16;1.1672589408974176E-16;2.87264E-4;2.034629936;0.11964395200000001;;;2036.9854628874448;2037.0042163103656;1.054213664E9
4.547473508864641E-13;0.0;1.8189894035458565E-12;1.3885070421913935E-16;0.0;1.50105205960315E-16;2.9179200000000003E-4;2.203598336;0.934569712;;;1945.4921499335424;1945.3696139023123;9.16256496E8
0.0;0.0;1.8189894035458565E-12;1.3978260575329928E-16;0.0;0.0;3.0044800000000003E-4;2.061685632;0.796612544;;;1930.5574986205672;1930.2540334546118;3.3908368E8
0.0;0.0;0.0;0.0;0.0;0.0;2.90752E-4;2.240927664;0.219439728;;;1732.0412163386309;1732.2543574379702;1.19643952E8
4.547473508864641E-13;1.8189894035458565E-12;3.637978807091713E-12;3.0252985070988285E-16;1.5126492535494142E-16;1.50105205960315E-16;2.9364800000000003E-4;2.27352464;0.12195796800000001;;;1760.6160420391873;1760.6788269385936;9.13958496E8
0.0;0.0;1.8189894035458565E-12;1.4659548980734065E-16;0.0;0.0;2.9046400000000004E-4;2.099109072;0.7920005280000001;;;1826.174734554982;1826.1747345549823;8.98958112E8
1.8189894035458565E-12;0.0;1.8189894035458565E-12;1.2619416316589376E-16;0.0;1.616169348283952E-16;2.8185600000000003E-4;3.056777808;0.7770001440000001;;;1844.297597818195;1844.2196485704649;2.66537344E8
0.0;1.8189894035458565E-12;5.4569682106375694E-12;3.811233595980746E-16;1.2704111986602488E-16;0.0;2.76656E-4;2.4083165120000003;0.144579376;;;1827.3077277978675;1827.1947429559868;1.21957968E8
0.0;1.8189894035458565E-12;1.8189894035458565E-12;1.3940673759062456E-16;1.3940673759062456E-16;0.0;2.80432E-4;2.802446896;0.104232848;;;1602.6184412743373;1602.6822154327874;9.19496528E8
0.0;0.0;1.8189894035458565E-12;1.374768012799679E-16;0.0;0.0;2.8652800000000003E-4;2.953253312;0.81526368;;;1635.1164647768992;1635.0273727008625;9.68862624E8
0.0;1.8189894035458565E-12;1.8189894035458565E-12;1.3323299484988613E-16;1.3323299484988613E-16;0.0;2.8184E-4;2.473763856;0.864629776;;;1709.449128978441;1709.4760955184893;2.64347376E8
0.0;0.0;1.8189894035458565E-12;1.2843441291571916E-16;0.0;0.0;3.08192E-4;2.574690656;0.160114528;;;2130.139612099414;2131.2127341875284;1.04232848E8
0.0;1.8189894035458565E-12;3.637978807091713E-12;2.58592810266493E-16;1.292964051332465E-16;0.0;2.9060800000000003E-4;2.459754176;0.104575968;;;2113.4585036239646;2113.528399030808;1.372126304E9
0.0;0.0;1.8189894035458565E-12;1.4188154229772353E-16;0.0;0.0;2.5745600000000004E-4;2.472750816;1.267550336;;;1898.6403885923582;1898.6403885923569;9.81139328E8
0.0;0.0;0.0;0.0;0.0;0.0;3.09008E-4;2.7661192960000003;0.87656336;;;1929.2545339885442;1929.254533988543;2.8298392E8
1.8189894035458565E-12;0.0;1.8189894035458565E-12;1.355982007824979E-16;0.0;1.8661597762405109E-16;3.04816E-4;2.483274992;0.178407952;;;2000.5448538855287;2000.5448538855276;1.04575968E8
0.0;0.0;0.0;0.0;0.0;0.0;2.77024E-4;2.208996784;0.115690912;;;2329.036845680733;2328.9593495836366;7.51367456E8
0.0;3.637978807091713E-12;3.637978807091713E-12;1.76396417064608E-16;1.76396417064608E-16;0.0;2.68832E-4;2.10702384;0.6356765440000001;;;2304.212812236313;2304.750118721706;1.01600152E9
1.8189894035458565E-12;0.0;3.637978807091713E-12;1.935660599622013E-16;0.0;1.7294464016062143E-16;2.73904E-4;2.415969424;0.9003106080000001;;;1988.9173836046905;1988.9869076696382;4.05099136E8
0.0;3.637978807091713E-12;7.275957614183426E-12;3.8177269219388923E-16;1.9088634609694461E-16;0.0;2.75792E-4;2.389318352;0.289408224;;;2033.614723553698;2034.0242415033022;1.15690912E8
0.0;0.0;0.0;0.0;0.0;0.0;2.6534400000000004E-4;2.5512697600000003;0.107503152;;;2138.1646574671427;2138.2781822430065;6.86137792E8
9.094947017729282E-13;0.0;0.0;0.0;0.0;1.1590361840390166E-16;2.57056E-4;2.402171984;0.5786346400000001;;;2618.4666411251173;2618.6336146314848;1.11553976E9
0.0;0.0;3.637978807091713E-12;1.8763704805166568E-16;0.0;0.0;2.4896E-4;2.5484676800000003;1.008036608;;;2596.449350680299;2596.515373777568;3.78034496E8
1.8189894035458565E-12;0.0;0.0;0.0;0.0;1.59719723456636E-16;2.48688E-4;2.3492916640000003;0.270531344;;;2301.7275307049104;2302.0066458024567;1.07503152E8
9.094947017729282E-13;0.0;0.0;0.0;0.0;1.1590361840390166E-16;2.55856E-4;2.5771174240000003;0.1186384;;;2343.695314851704;2344.050181662781;8.28634416E8
0.0;0.0;3.637978807091713E-12;1.9678231648996283E-16;0.0;0.0;2.4073600000000002E-4;2.372445312;0.7099960160000001;;;2440.2560586772825;2441.848517240331;1.311094416E9
1.8189894035458565E-12;0.0;0.0;0.0;0.0;1.6206588739342757E-16;2.69712E-4;2.996110352;1.1924560160000002;;;2441.123479487869;2441.431664428656;3.49588144E8
0.0;0.0;3.637978807091713E-12;1.8584959394637556E-16;0.0;0.0;2.66912E-4;2.63297856;0.230949744;;;2418.5830386402727;2418.585902448356;1.186384E8
0.0;0.0;0.0;0.0;0.0;0.0;2.6012800000000004E-4;3.0846803840000003;0.129659264;;;2125.5194017314643;2126.189277163719;7.46906704E8
0.0;3.637978807091713E-12;3.637978807091713E-12;2.011160459060275E-16;2.011160459060275E-16;0.0;2.77536E-4;2.5322172960000002;0.6172474400000001;;;2167.3400989274783;2167.5042267560048;1.12869616E9
9.094947017729282E-13;0.0;3.637978807091713E-12;1.9490774340799013E-16;0.0;1.4345341716608748E-16;2.6099200000000004E-4;2.6960412480000002;0.999036896;;;2264.2575757945033;2264.3048334645446;3.115648E8
0.0;0.0;0.0;0.0;0.0;0.0;2.65056E-4;3.2966013280000004;0.181905536;;;3587.676547456777;3587.676547456775;1.29659264E8
0.0;0.0;0.0;0.0;0.0;0.0;2.6838400000000004E-4;3.1565278560000003;0.12297252800000001;;;3558.9381822766027;3558.9385512906224;8.21422544E8
0.0;0.0;0.0;0.0;0.0;0.0;2.6180800000000004E-4;3.076080912;0.698450016;;;3188.612225678931;3189.1879332180865;1.289531744E9
0.0;0.0;0.0;0.0;0.0;0.0;2.8163200000000003E-4;2.8810461280000004;1.166559216;;;3241.279386557412;3241.4625117659843;3.29991024E8
0.0;0.0;0.0;0.0;0.0;0.0;2.9659200000000004E-4;2.9762306400000003;0.20701849600000002;;;3364.049787695331;3364.094474421094;1.22972528E8
9.094947017729282E-13;1.8189894035458565E-12;1.8189894035458565E-12;1.1333320575112905E-16;1.1333320575112905E-16;1.1996789067265017E-16;2.9105600000000004E-4;2.404697632;0.12819417600000002;;;2149.3549200633183;2149.354920063318;7.73079136E8
0.0;3.637978807091713E-12;0.0;0.0;2.2818769133882346E-16;0.0;2.7552E-4;2.344266896;0.6448849600000001;;;2131.4000673548016;2131.400067354801;1.063354944E9
0.0;0.0;0.0;0.0;0.0;0.0;2.8008000000000004E-4;2.455222864;0.935160768;;;1895.1758091289425;1895.1758091289423;6.65696704E8
9.094947017729282E-13;0.0;1.8189894035458565E-12;1.2346598459540039E-16;0.0;1.2180406402982887E-16;2.6771200000000003E-4;2.6723972320000002;0.537502528;;;1928.910564368774;1928.910564368774;1.28194176E8
0.0;0.0;1.8189894035458565E-12;1.1965468163778144E-16;0.0;0.0;2.79936E-4;2.6660533120000003;0.133550528;;;2007.6560494073397;2007.6560494073392;1.020899456E9
0.0;1.8189894035458565E-12;0.0;0.0;1.2895527503141238E-16;0.0;2.65328E-4;2.348405392;0.8873489280000001;;;1984.8674178643805;1984.9756318275697;1.005368032E9
9.094947017729282E-13;1.8189894035458565E-12;3.637978807091713E-12;2.596415260678168E-16;1.298207630339084E-16;1.416898273227124E-16;2.56848E-4;2.454879504;0.871817504;;;1968.6011862290047;1968.7090244181945;6.870404E8
0.0;0.0;1.8189894035458565E-12;1.4245693886489984E-16;0.0;0.0;2.61984E-4;2.5683875360000004;0.553489872;;;1755.5596820797205;1755.55968207972;1.33550528E8
0.0;1.8189894035458565E-12;0.0;0.0;1.4048477579895304E-16;0.0;2.93952E-4;2.5449124160000003;0.13922062400000002;;;1786.287826370315;1786.1154860548847;8.41031744E8
1.8189894035458565E-12;0.0;1.8189894035458565E-12;1.3614811543652533E-16;0.0;2.74078172256641E-16;2.8996800000000004E-4;2.4503938400000003;0.70181112;;;1856.687464850877;1856.6961411086154;1.062378912E9
0.0;;;;;0.0;;;0.9231582880000001;;;;;6.75430368E8
9.094947017729282E-13;;;;;1.2158856947952208E-16;;;0.536209744;;;;;1.39220624E8
1.8189894035458565E-12;;;;;2.6742678643405804E-16;;;0.140677344;;;;;8.3764328E8
0.0;;;;;0.0;;;0.696965936;;;;;1.322435664E9
0.0;;;;;0.0;;;1.1817583200000001;;;;;7.47033072E8
0.0;;;;;0.0;;;0.606355728;;;;;1.40677344E8
0.0;;;;;0.0;;;0.12654824;;;;;7.87572944E8
0.0;;;;;0.0;;;0.661024704;;;;;1.06074376E9
0.0;;;;;0.0;;;0.9341955200000001;;;;;7.55968672E8
0.0;;;;;0.0;;;0.6294204320000001;;;;;1.2654824E8
0.0;;;;;0.0;;;0.12472337600000001;;;;;7.59321216E8
0.0;;;;;0.0;;;0.6345978400000001;;;;;8.52440752E8
0.0;;;;;0.0;;;0.7277173760000001;;;;;5.77320064E8
0.0;;;;;0.0;;;0.452596688;;;;;1.24723376E8
0.0;;;;;0.0;;;0.146033936;;;;;1.017266944E9
0.0;;;;;0.0;;;0.871233008;;;;;1.098819968E9
0.0;;;;;0.0;;;0.952786032;;;;;6.27548352E8
0.0;;;;;0.0;;;0.48151441600000006;;;;;1.46033936E8
0.0;;;;;0.0;;;0.126266144;;;;;1.142530528E9
0.0;;;;;0.0;;;1.016264384;;;;;1.054508768E9
0.0;;;;;0.0;;;0.928242624;;;;;5.7182784E8
0.0;;;;;0.0;;;0.445561696;;;;;1.26266144E8
1.8189894035458565E-12;;;;;1.9678026868662766E-16;;;0.10248457600000001;;;;;9.56007952E8
0.0;;;;;0.0;;;0.8535233760000001;;;;;1.102965808E9
0.0;;;;;0.0;;;1.000481232;;;;;5.81517472E8
0.0;;;;;0.0;;;0.47903289600000004;;;;;1.02484576E8
4.547473508864641E-13;;;;;1.2117819268810761E-16;;;0.103962256;;;;;1.036116128E9
0.0;;;;;0.0;;;0.9321538720000001;;;;;1.12096408E9
0.0;;;;;0.0;;;1.017001824;;;;;5.76698256E8
0.0;;;;;0.0;;;0.47273600000000005;;;;;1.03962256E8
0.0;;;;;0.0;;;0.164214816;;;;;1.074388016E9
0.0;;;;;0.0;;;0.9101732;;;;;1.108196992E9
0.0;;;;;0.0;;;0.943982176;;;;;7.84172192E8
0.0;;;;;0.0;;;0.619957376;;;;;1.64214816E8
3.637978807091713E-12;;;;;4.030787063536493E-16;;;0.155101408;;;;;1.144110864E9
0.0;;;;;0.0;;;0.989009456;;;;;9.11631856E8
0.0;;;;;0.0;;;0.756530448;;;;;7.99164656E8
0.0;;;;;0.0;;;0.644063248;;;;;1.55101408E8
0.0;;;;;0.0;;;0.158644576;;;;;1.051173504E9
0.0;;;;;0.0;;;0.892528928;;;;;1.24200736E9
0.0;;;;;0.0;;;1.083362784;;;;;8.85545152E8
0.0;;;;;0.0;;;0.726900576;;;;;1.58644576E8
0.0;;;;;0.0;;;0.146167888;;;;;9.73593376E8
0.0;;;;;0.0;;;0.827425488;;;;;8.9195352E8
0.0;;;;;0.0;;;0.745785632;;;;;8.22079888E8
0.0;;;;;0.0;;;0.6759120000000001;;;;;1.46167888E8
0.0;;;;;0.0;;;0.130061424;;;;;9.98641152E8
0.0;;;;;0.0;;;0.868579728;;;;;8.84472304E8
0.0;;;;;0.0;;;0.75441088;;;;;8.54512496E8
0.0;;;;;0.0;;;0.724451072;;;;;1.30061424E8
0.0;;;;;0.0;;;0.15301736000000002;;;;;1.36686856E9
0.0;;;;;0.0;;;1.2138512000000001;;;;;8.79142896E8
1.8189894035458565E-12;;;;;2.0404586198307023E-16;;;0.7261255360000001;;;;;7.49566608E8
0.0;;;;;0.0;;;0.5965492480000001;;;;;1.5301736E8
0.0;;;;;0.0;;;0.14533808;;;;;1.008214624E9
0.0;;;;;0.0;;;0.862876544;;;;;1.187999056E9
0.0;;;;;0.0;;;1.042660976;;;;;5.0141688E8
0.0;;;;;0.0;;;0.35607880000000003;;;;;1.4533808E8
1.8189894035458565E-12;;;;;2.0010083377175909E-16;;;0.127103664;;;;;1.142187472E9
0.0;;;;;0.0;;;1.015083808;;;;;1.274354944E9
0.0;;;;;0.0;;;1.14725128;;;;;4.7874192E8
9.094947017729282E-13;;;;;1.136097080201211E-16;;;0.35163825600000004;;;;;1.27103664E8
0.0;;;;;0.0;;;0.122017392;;;;;1.14359584E9
0.0;;;;;0.0;;;1.021578448;;;;;1.12564408E9
0.0;;;;;0.0;;;1.003626688;;;;;4.36635456E8
9.094947017729282E-13;;;;;1.6774942361570333E-16;;;0.31461806400000003;;;;;1.22017392E8
0.0;;;;;0.0;;;0.103732112;;;;;8.83015632E8
0.0;;;;;0.0;;;0.77928352;;;;;1.167763248E9
0.0;;;;;0.0;;;1.064031136;;;;;4.1472624E8
4.547473508864641E-13;;;;;1.6390780634532106E-16;;;0.31099412800000004;;;;;1.03732112E8
0.0;;;;;0.0;;;0.15388984;;;;;8.21550976E8
0.0;;;;;0.0;;;0.667661136;;;;;8.52262416E8
0.0;;;;;0.0;;;0.698372576;;;;;6.4824392E8
0.0;;;;;0.0;;;0.49435408000000003;;;;;1.5388984E8
0.0;;;;;0.0;;;0.127336048;;;;;9.10129088E8
0.0;;;;;0.0;;;0.78279304;;;;;8.85258192E8
0.0;;;;;0.0;;;0.757922144;;;;;8.5276792E8
0.0;;;;;0.0;;;0.725431872;;;;;1.27336048E8
0.0;;;;;0.0;;;0.11663992000000001;;;;;8.70112928E8
0.0;;;;;0.0;;;0.753473008;;;;;8.21909664E8
9.094947017729282E-13;;;;;1.432569161257799E-16;;;0.7052697440000001;;;;;5.03836464E8
0.0;;;;;0.0;;;0.38719654400000003;;;;;1.1663992E8
9.094947017729282E-13;;;;;1.466860414939745E-16;;;0.11915496;;;;;6.94607488E8
9.094947017729282E-13;;;;;1.432569161257799E-16;;;0.575452528;;;;;8.44728912E8
0.0;;;;;0.0;;;0.7255739520000001;;;;;5.44878752E8
9.094947017729282E-13;;;;;1.4886549608602564E-16;;;0.42572379200000005;;;;;1.1915496E8
9.094947017729282E-13;;;;;1.432569161257799E-16;;;0.132486416;;;;;9.0070592E8
0.0;;;;;0.0;;;0.768219504;;;;;8.57631216E8
9.094947017729282E-13;;;;;1.8524071310953095E-16;;;0.7251448;;;;;1.063926032E9
9.094947017729282E-13;;;;;1.432569161257799E-16;;;0.931439616;;;;;1.32486416E8
0.0;;;;;0.0;;;0.10715398400000001;;;;;1.01860624E9
9.094947017729282E-13;;;;;1.7893479397519586E-16;;;0.911452256;;;;;9.8312528E8
0.0;;;;;0.0;;;0.875971296;;;;;4.24790896E8
0.0;;;;;0.0;;;0.317636912;;;;;1.07153984E8
0.0;;;;;0.0;;;0.120550736;;;;;1.096511536E9
0.0;;;;;0.0;;;0.9759608000000001;;;;;1.18918424E9
2.2737367544323206E-13;;;;;1.8184837854880776E-16;;;1.0686335040000001;;;;;3.78094032E8
0.0;;;;;0.0;;;0.25754329600000003;;;;;1.20550736E8
9.094947017729282E-13;;;;;1.6298354267674482E-16;;;0.11373804800000001;;;;;1.04945136E9
0.0;;;;;0.0;;;0.9357133120000001;;;;;1.226568816E9
9.094947017729282E-13;;;;;2.0273030627518694E-16;;;1.112830768;;;;;3.76780464E8
0.0;;;;;0.0;;;0.263042416;;;;;1.13738048E8
0.0;;;;;0.0;;;0.12957880000000002;;;;;9.86177008E8
9.094947017729282E-13;;;;;2.0273030627518694E-16;;;0.8565982080000001;;;;;1.262024208E9
0.0;;;;;0.0;;;1.1324454080000002;;;;;3.97901824E8
0.0;;;;;0.0;;;0.268323024;;;;;1.295788E8
9.094947017729282E-13;;;;;2.0273030627518694E-16;;;0.12173323200000001;;;;;1.070099488E9
0.0;;;;;0.0;;;0.948366256;;;;;1.352501856E9
0.0;;;;;0.0;;;1.230768624;;;;;3.87772992E8
9.094947017729282E-13;;;;;2.0273030627518694E-16;;;0.26603976;;;;;1.21733232E8
9.094947017729282E-13;;;;;1.8708311808489454E-16;;;0.12235625600000001;;;;;9.09837808E8
9.094947017729282E-13;;;;;1.54139328579438E-16;;;0.787481552;;;;;9.17178912E8
0.0;;;;;0.0;;;0.794822656;;;;;6.66264832E8
9.094947017729282E-13;;;;;1.890797944561027E-16;;;0.5439085760000001;;;;;1.22356256E8
0.0;;;;;0.0;;;0.11292803200000001;;;;;7.80215728E8
0.0;;;;;0.0;;;0.667287696;;;;;8.6546672E8
9.094947017729282E-13;;;;;2.0427645255864556E-16;;;0.752538688;;;;;7.45355744E8
0.0;;;;;0.0;;;0.632427712;;;;;1.12928032E8
0.0;;;;;0.0;;;0.131470784;;;;;8.35477232E8
9.094947017729282E-13;;;;;1.940682216293036E-16;;;0.704006448;;;;;9.25703408E8
0.0;;;;;0.0;;;0.794232624;;;;;6.82282272E8
0.0;;;;;0.0;;;0.550811488;;;;;1.31470784E8
0.0;;;;;0.0;;;0.124511088;;;;;1.009381216E9
0.0;;;;;0.0;;;0.8848701280000001;;;;;1.094935968E9
0.0;;;;;0.0;;;0.97042488;;;;;7.15479904E8
0.0;;;;;0.0;;;0.5909688160000001;;;;;1.24511088E8
0.0;;;;;0.0;;;0.104646448;;;;;9.68150512E8
9.094947017729282E-13;;;;;1.7559550290991597E-16;;;0.863504064;;;;;9.336696E8
0.0;;;;;0.0;;;0.8290231520000001;;;;;6.85810496E8
0.0;;;;;0.0;;;0.581164048;;;;;1.04646448E8
9.094947017729282E-13;;;;;1.7761070997713234E-16;;;0.22438712000000002;;;;;1.062810208E9
0.0;;;;;0.0;;;0.8384230880000001;;;;;1.21309712E9
0.0;;;;;0.0;;;0.9887100000000001;;;;;7.38136848E8
0.0;;;;;0.0;;;0.5137497280000001;;;;;2.2438712E8
0.0;;;;;0.0;;;0.26786528000000004;;;;;1.155244192E9
0.0;;;;;0.0;;;0.8873789120000001;;;;;1.3828856E9
0.0;;;;;0.0;;;1.1150203200000002;;;;;9.04292112E8
0.0;;;;;0.0;;;0.636426832;;;;;2.6786528E8
0.0;;;;;0.0;;;0.304117984;;;;;1.05347728E9
0.0;;;;;0.0;;;0.7493592960000001;;;;;1.346982976E9
0.0;;;;;0.0;;;1.0428649920000002;;;;;9.32389504E8
9.094947017729282E-13;;;;;2.0891538019385928E-16;;;0.6282715200000001;;;;;3.04117984E8
0.0;;;;;0.0;;;0.28479739200000004;;;;;1.213057552E9
0.0;;;;;0.0;;;0.9282601600000001;;;;;1.292441008E9
0.0;;;;;0.0;;;1.007643616;;;;;8.98810736E8
0.0;;;;;0.0;;;0.6140133440000001;;;;;2.84797392E8
0.0;;;;;0.0;;;0.290797552;;;;;1.257393472E9
4.547473508864641E-13;;;;;1.2767051011846957E-16;;;0.96659592;;;;;1.288374976E9
0.0;;;;;0.0;;;0.997577424;;;;;9.3433592E8
0.0;;;;;0.0;;;0.6435383680000001;;;;;2.90797552E8
4.547473508864641E-13;;;;;1.2767051011846957E-16;;;0.115771328;;;;;7.86039184E8
0.0;;;;;0.0;;;0.670267856;;;;;7.82370496E8
0.0;;;;;0.0;;;0.6665991680000001;;;;;6.80074816E8
4.547473508864641E-13;;;;;1.2767051011846957E-16;;;0.5643034880000001;;;;;1.15771328E8
0.0;;;;;0.0;;;0.128606256;;;;;9.82698992E8
0.0;;;;;0.0;;;0.854092736;;;;;8.8247952E8
4.547473508864641E-13;;;;;1.2666969694445708E-16;;;0.7538732640000001;;;;;6.69615888E8
1.8189894035458565E-12;;;;;2.3475641059131697E-16;;;0.5410096320000001;;;;;1.28606256E8
0.0;;;;;0.0;;;0.11255992000000001;;;;;1.028159232E9
0.0;;;;;0.0;;;0.9155993120000001;;;;;8.80809216E8
0.0;;;;;0.0;;;0.768249296;;;;;6.5417944E8
1.8189894035458565E-12;;;;;2.126724271248589E-16;;;0.54161952;;;;;1.1255992E8
0.0;;;;;0.0;;;0.137616192;;;;;9.76994208E8
0.0;;;;;0.0;;;0.8393780160000001;;;;;9.03454688E8
0.0;;;;;0.0;;;0.7658384960000001;;;;;7.32361344E8
0.0;;;;;0.0;;;0.594745152;;;;;1.37616192E8
0.0;;;;;0.0;;;0.10237686400000001;;;;;9.06932544E8
1.8189894035458565E-12;;;;;2.126724271248589E-16;;;0.80455568;;;;;1.097454192E9
0.0;;;;;0.0;;;0.995077328;;;;;6.61790608E8
0.0;;;;;0.0;;;0.559413744;;;;;1.02376864E8
4.547473508864641E-13;;;;;1.1697134393279937E-16;;;0.11030816;;;;;9.19769392E8
0.0;;;;;0.0;;;0.8094612320000001;;;;;8.59137312E8
9.094947017729282E-13;;;;;1.4512186712016504E-16;;;0.748829152;;;;;8.23804352E8
0.0;;;;;0.0;;;0.713496192;;;;;1.1030816E8
0.0;;;;;0.0;;;0.121355952;;;;;1.118575024E9
0.0;;;;;0.0;;;0.997219072;;;;;9.54492608E8
9.094947017729282E-13;;;;;3.102656206438563E-16;;;0.8331366560000001;;;;;8.8283752E8
9.094947017729282E-13;;;;;1.861259586588475E-16;;;0.761481568;;;;;1.21355952E8
0.0;;;;;0.0;;;0.09855896;;;;;1.053075968E9
4.547473508864641E-13;;;;;1.462141799159992E-16;;;0.9545170080000001;;;;;1.164856544E9
0.0;;;;;0.0;;;1.066297584;;;;;7.69460368E8
0.0;;;;;0.0;;;0.6709014080000001;;;;;9.855896E7
4.547473508864641E-13;;;;;1.462141799159992E-16;;;0.112496656;;;;;1.101165744E9
9.094947017729282E-13;;;;;1.7061546210394354E-16;;;0.9886690880000001;;;;;1.051679632E9
0.0;;;;;0.0;;;0.9391829760000001;;;;;5.72312192E8
0.0;;;;;0.0;;;0.459815536;;;;;1.12496656E8
0.0;;;;;0.0;;;0.10994841600000001;;;;;1.06394272E9
0.0;;;;;0.0;;;0.9539943040000001;;;;;1.242632912E9
0.0;;;;;0.0;;;1.132684496;;;;;4.29408736E8
0.0;;;;;0.0;;;0.31946032;;;;;1.09948416E8
0.0;;;;;0.0;;;0.139436352;;;;;1.20945696E9
0.0;;;;;0.0;;;1.070020608;;;;;6.75956848E8
2.2737367544323206E-13;;;;;2.1681527817569334E-16;;;0.5365204960000001;;;;;8.64293088E8
0.0;;;;;0.0;;;0.724856736;;;;;1.39436352E8
0.0;;;;;0.0;;;0.123030832;;;;;1.131462448E9
0.0;;;;;0.0;;;1.008431616;;;;;9.00916784E8
0.0;;;;;0.0;;;0.7778859520000001;;;;;7.07385216E8
0.0;;;;;0.0;;;0.5843543840000001;;;;;1.23030832E8
0.0;;;;;0.0;;;0.10510648;;;;;1.185849392E9
0.0;;;;;0.0;;;1.080742912;;;;;7.57236688E8
9.094947017729282E-13;;;;;1.6377200952523543E-16;;;0.652130208;;;;;8.96949792E8
0.0;;;;;0.0;;;0.791843312;;;;;1.0510648E8
0.0;;;;;0.0;;;0.12607436800000002;;;;;1.37138472E9
9.094947017729282E-13;;;;;1.6377200952523543E-16;;;1.2453103520000002;;;;;7.13216176E8
0.0;;;;;0.0;;;0.587141808;;;;;9.14926144E8
0.0;;;;;0.0;;;0.788851776;;;;;1.26074368E8
9.094947017729282E-13;;;;;1.796868588732001E-16;;;0.115307136;;;;;1.38919992E9
0.0;;;;;0.0;;;1.273892784;;;;;1.011401152E9
9.094947017729282E-13;;;;;1.5111512445842748E-16;;;0.896094016;;;;;4.51986064E8
9.094947017729282E-13;;;;;1.7249175977251465E-16;;;0.33667892800000004;;;;;1.15307136E8
0.0;;;;;0.0;;;0.08960912;;;;;1.493342384E9
0.0;;;;;0.0;;;1.403733264;;;;;9.40158656E8
9.094947017729282E-13;;;;;1.6377200952523543E-16;;;0.850549536;;;;;9.3897808E8
0.0;;;;;0.0;;;0.8493689600000001;;;;;8.960912E7
9.094947017729282E-13;;;;;1.46136497883292E-16;;;0.075874544;;;;;8.48201984E8
0.0;;;;;0.0;;;0.7723274400000001;;;;;9.49466032E8
0.0;;;;;0.0;;;0.8735914880000001;;;;;9.01886752E8
9.094947017729282E-13;;;;;1.4341430148223862E-16;;;0.8260122080000001;;;;;7.5874544E7
0.0;;;;;0.0;;;0.07741728;;;;;8.89645344E8
0.0;;;;;0.0;;;0.812228064;;;;;9.57206368E8
0.0;;;;;0.0;;;0.8797890880000001;;;;;9.462304E8
0.0;;;;;0.0;;;0.8688131200000001;;;;;7.741728E7
0.0;;;;;0.0;;;0.077224944;;;;;8.76803952E8
9.094947017729282E-13;;;;;1.9129063871773454E-16;;;0.799579008;;;;;9.24259488E8
1.8189894035458565E-12;;;;;1.9540432839765502E-16;;;0.847034544;;;;;9.40242832E8
0.0;;;;;0.0;;;0.863017888;;;;;7.7224944E7
9.094947017729282E-13;;;;;1.8309519359977856E-16;;;0.07620448;;;;;8.94237152E8
0.0;;;;;0.0;;;0.8180326720000001;;;;;8.94215072E8
0.0;;;;;0.0;;;0.818010592;;;;;9.31281232E8
9.094947017729282E-13;;;;;1.6666627146903794E-16;;;0.8550767520000001;;;;;7.620448E7
0.0;;;;;0.0;;;0.117205664;;;;;1.22139832E9
0.0;;;;;0.0;;;1.1041926560000002;;;;;1.196979232E9
0.0;;;;;0.0;;;1.079773568;;;;;6.06026448E8
9.094947017729282E-13;;;;;1.4382880055458949E-16;;;0.488820784;;;;;1.17205664E8
0.0;;;;;0.0;;;0.149290064;;;;;1.336123888E9
0.0;;;;;0.0;;;1.186833824;;;;;1.034596224E9
0.0;;;;;0.0;;;0.8853061600000001;;;;;5.52913024E8
0.0;;;;;0.0;;;0.40362296000000003;;;;;1.49290064E8
1.8189894035458565E-12;;;;;1.5985181094939264E-16;;;0.113940912;;;;;1.18173936E9
0.0;;;;;0.0;;;1.067798448;;;;;1.02347496E9
0.0;;;;;0.0;;;0.909534048;;;;;4.88999424E8
0.0;;;;;0.0;;;0.375058512;;;;;1.13940912E8
9.094947017729282E-13;;;;;1.719626251760657E-16;;;0.10294684800000001;;;;;1.440480192E9
0.0;;;;;0.0;;;1.3375333440000001;;;;;1.049902512E9
0.0;;;;;0.0;;;0.9469556640000001;;;;;4.93952816E8
0.0;;;;;0.0;;;0.39100596800000004;;;;;1.02946848E8
0.0;;;;;0.0;;;0.13131824;;;;;1.402844976E9
9.094947017729282E-13;;;;;2.0931354744978624E-16;;;1.271526736;;;;;8.26108784E8
0.0;;;;;0.0;;;0.6947905440000001;;;;;5.16294304E8
0.0;;;;;0.0;;;0.384976064;;;;;1.3131824E8
0.0;;;;;0.0;;;0.13396849600000002;;;;;9.53922192E8
9.094947017729282E-13;;;;;1.1697334449320227E-16;;;0.819953696;;;;;8.09296416E8
0.0;;;;;0.0;;;0.6753279200000001;;;;;8.63328448E8
4.547473508864641E-13;;;;;1.1334607618186596E-16;;;0.729359952;;;;;1.33968496E8
9.094947017729282E-13;;;;;1.1414515846359367E-16;;;0.10556006400000001;;;;;1.186544784E9
0.0;;;;;0.0;;;1.08098472;;;;;9.00188432E8
4.547473508864641E-13;;;;;1.1334607618186596E-16;;;0.794628368;;;;;7.416776E8
9.094947017729282E-13;;;;;1.1221928652969836E-16;;;0.6361175360000001;;;;;1.05560064E8
0.0;;;;;0.0;;;0.11577300800000001;;;;;1.061276784E9
0.0;;;;;0.0;;;0.945503776;;;;;7.34079856E8
1.8189894035458565E-12;;;;;2.6717701856520197E-16;;;0.618306848;;;;;8.22117776E8
4.547473508864641E-13;;;;;1.1794138832269855E-16;;;0.706344768;;;;;1.15773008E8
1.8189894035458565E-12;;;;;1.7215926241452969E-16;;;0.120143488;;;;;1.056422384E9
1.8189894035458565E-12;;;;;2.654663268590479E-16;;;0.936278896;;;;;8.90837024E8
0.0;;;;;0.0;;;0.770693536;;;;;7.81740864E8
1.8189894035458565E-12;;;;;1.657617670344195E-16;;;0.661597376;;;;;1.20143488E8
0.0;;;;;0.0;;;0.144954928;;;;;1.042634144E9
0.0;;;;;0.0;;;0.897679216;;;;;8.85331584E8
3.637978807091713E-12;;;;;3.5224372084248614E-16;;;0.740376656;;;;;7.30559984E8
0.0;;;;;0.0;;;0.585605056;;;;;1.44954928E8
0.0;;;;;0.0;;;0.140806272;;;;;8.803716E8
1.8189894035458565E-12;;;;;1.7612187747407068E-16;;;0.7395653280000001;;;;;8.897076E8
0.0;;;;;0.0;;;0.7489013280000001;;;;;8.00543312E8
4.547473508864641E-13;;;;;1.5301855045847182E-16;;;0.65973704;;;;;1.40806272E8
3.637978807091713E-12;;;;;3.5224372084248614E-16;;;0.14902209600000002;;;;;9.57465536E8
0.0;;;;;0.0;;;0.80844344;;;;;9.2876432E8
1.8189894035458565E-12;;;;;3.0466667679127537E-16;;;0.779742224;;;;;6.5450536E8
0.0;;;;;0.0;;;0.505483264;;;;;1.49022096E8
1.8189894035458565E-12;;;;;2.525361465103622E-16;;;0.152666128;;;;;9.1562032E8
9.094947017729282E-13;;;;;1.5233333839563768E-16;;;0.762954192;;;;;9.54941456E8
9.094947017729282E-13;;;;;1.9346727683831685E-16;;;0.802275328;;;;;7.16367936E8
0.0;;;;;0.0;;;0.563701808;;;;;1.52666128E8
9.094947017729282E-13;;;;;1.8646761991523565E-16;;;0.127290864;;;;;9.23412352E8
0.0;;;;;0.0;;;0.796121488;;;;;9.71526832E8
9.094947017729282E-13;;;;;1.355364631144727E-16;;;0.844235968;;;;;6.95565888E8
9.094947017729282E-13;;;;;1.7811707569264781E-16;;;0.5682750240000001;;;;;1.27290864E8
0.0;;;;;0.0;;;0.147911072;;;;;8.74528768E8
0.0;;;;;0.0;;;0.726617696;;;;;9.25527552E8
9.094947017729282E-13;;;;;1.6147875784336755E-16;;;0.77761648;;;;;6.4348368E8
0.0;;;;;0.0;;;0.495572608;;;;;1.47911072E8
0.0;;;;;0.0;;;0.13223868800000002;;;;;1.42656648E9
0.0;;;;;0.0;;;1.294327792;;;;;7.30115744E8
0.0;;;;;0.0;;;0.5978770560000001;;;;;6.44586896E8
0.0;;;;;0.0;;;0.512348208;;;;;1.32238688E8
0.0;;;;;0.0;;;0.131323632;;;;;1.254553456E9
0.0;;;;;0.0;;;1.123229824;;;;;7.60728928E8
0.0;;;;;0.0;;;0.6294052960000001;;;;;6.3488152E8
0.0;;;;;0.0;;;0.503557888;;;;;1.31323632E8
0.0;;;;;0.0;;;0.133472576;;;;;1.37178872E9
0.0;;;;;0.0;;;1.2383161440000001;;;;;8.04686352E8
0.0;;;;;0.0;;;0.6712137760000001;;;;;5.84444128E8
0.0;;;;;0.0;;;0.45097155200000005;;;;;1.33472576E8
0.0;;;;;0.0;;;0.154659568;;;;;1.309866656E9
0.0;;;;;0.0;;;1.155207088;;;;;8.06390864E8
0.0;;;;;0.0;;;0.651731296;;;;;6.45391632E8
1.8189894035458565E-12;;;;;1.8629330014044124E-16;;;0.490732064;;;;;1.54659568E8
4.547473508864641E-13;;;;;1.340186141070799E-16;;;0.11620332800000001;;;;;1.315503408E9
1.8189894035458565E-12;;;;;1.927906473548314E-16;;;1.19930008;;;;;8.49953504E8
1.8189894035458565E-12;;;;;1.8921202905284755E-16;;;0.733750176;;;;;5.98844768E8
4.547473508864641E-13;;;;;1.340186141070799E-16;;;0.48264144000000003;;;;;1.16203328E8
1.8189894035458565E-12;;;;;1.927906473548314E-16;;;0.14698449600000002;;;;;1.107928128E9
0.0;;;;;0.0;;;0.9609436320000001;;;;;1.024828928E9
4.547473508864641E-13;;;;;1.583856348538217E-16;;;0.8778444320000001;;;;;5.75557376E8
1.8189894035458565E-12;;;;;2.1421183039425712E-16;;;0.42857288000000004;;;;;1.46984496E8
0.0;;;;;0.0;;;0.15460608;;;;;1.025950256E9
4.547473508864641E-13;;;;;1.475102282797409E-16;;;0.871344176;;;;;1.413705888E9
1.8189894035458565E-12;;;;;2.1421183039425712E-16;;;1.259099808;;;;;8.28837568E8
0.0;;;;;0.0;;;0.674231488;;;;;1.5460608E8
4.547473508864641E-13;;;;;1.340186141070799E-16;;;0.120547104;;;;;1.040727264E9
0.0;;;;;0.0;;;0.92018016;;;;;1.163939088E9
0.0;;;;;0.0;;;1.043391984;;;;;7.58424848E8
0.0;;;;;0.0;;;0.6378777440000001;;;;;1.20547104E8
9.094947017729282E-13;;;;;1.1677168194592928E-16;;;0.08863206400000001;;;;;1.114739984E9
0.0;;;;;0.0;;;1.02610792;;;;;1.086417232E9
0.0;;;;;0.0;;;0.9977851680000001;;;;;7.44016496E8
9.094947017729282E-13;;;;;1.1677168194592928E-16;;;0.6553844320000001;;;;;8.8632064E7
0.0;;;;;0.0;;;0.131177344;;;;;9.69911184E8
0.0;;;;;0.0;;;0.8387338400000001;;;;;1.04484064E9
0.0;;;;;0.0;;;0.9136632960000001;;;;;7.75776416E8
0.0;;;;;0.0;;;0.644599072;;;;;1.31177344E8
0.0;;;;;0.0;;;0.110880032;;;;;8.36624624E8
9.094947017729282E-13;;;;;1.1677168194592928E-16;;;0.7257445920000001;;;;;2.27839264E9
0.0;;;;;0.0;;;2.167512608;;;;;9.1987552E8
0.0;;;;;0.0;;;0.8089954880000001;;;;;1.10880032E8
9.094947017729282E-13;;;;;1.1677168194592928E-16;;;0.126536944;;;;;9.65091792E8
1.8189894035458565E-12;;;;;2.1107379023000842E-16;;;0.838554848;;;;;8.89187344E8
0.0;;;;;0.0;;;0.7626504000000001;;;;;8.9864296E8
9.094947017729282E-13;;;;;1.1242363872576451E-16;;;0.7721060160000001;;;;;1.26536944E8
0.0;;;;;0.0;;;0.114166496;;;;;1.120333184E9
0.0;;;;;0.0;;;1.006166688;;;;;9.01632928E8
9.094947017729282E-13;;;;;1.1427480322935866E-16;;;0.787466432;;;;;9.175648E8
9.094947017729282E-13;;;;;1.2007153818889654E-16;;;0.803398304;;;;;1.14166496E8
0.0;;;;;0.0;;;0.11449585600000001;;;;;9.56437008E8
9.094947017729282E-13;;;;;1.2510203085298586E-16;;;0.8419411520000001;;;;;1.093458896E9
9.094947017729282E-13;;;;;1.1623819250757523E-16;;;0.97896304;;;;;8.7360928E8
0.0;;;;;0.0;;;0.759113424;;;;;1.14495856E8
9.094947017729282E-13;;;;;1.2510203085298586E-16;;;0.150830624;;;;;8.22030112E8
0.0;;;;;0.0;;;0.6711994880000001;;;;;1.568017936E9
0.0;;;;;0.0;;;1.417187312;;;;;7.69970592E8
9.094947017729282E-13;;;;;1.2510203085298586E-16;;;0.619139968;;;;;1.50830624E8
9.094947017729282E-13;;;;;1.2835609148932163E-16;;;0.11882630400000001;;;;;1.160168752E9
0.0;;;;;0.0;;;1.041342448;;;;;1.216343152E9
0.0;;;;;0.0;;;1.0975168480000002;;;;;7.9787376E8
9.094947017729282E-13;;;;;1.3038826234771674E-16;;;0.679047456;;;;;1.18826304E8
0.0;;;;;0.0;;;0.12504344;;;;;1.040856336E9
0.0;;;;;0.0;;;0.915812896;;;;;1.058520896E9
0.0;;;;;0.0;;;0.9334774560000001;;;;;7.87131168E8
0.0;;;;;0.0;;;0.662087728;;;;;1.2504344E8
0.0;;;;;0.0;;;0.11378209600000001;;;;;1.2084128E9
9.094947017729282E-13;;;;;1.4046448025917572E-16;;;1.094630704;;;;;1.302725008E9
0.0;;;;;0.0;;;1.1889429120000001;;;;;8.73408944E8
0.0;;;;;0.0;;;0.759626848;;;;;1.13782096E8
9.094947017729282E-13;;;;;1.3068872042626345E-16;;;0.094023968;;;;;1.200251232E9
0.0;;;;;0.0;;;1.1062272640000002;;;;;1.227374192E9
0.0;;;;;0.0;;;1.133350224;;;;;1.051696784E9
0.0;;;;;0.0;;;0.9576728160000001;;;;;9.4023968E7
4.547473508864641E-13;;;;;1.7369857852924379E-16;;;0.12402454400000001;;;;;1.242056912E9
0.0;;;;;0.0;;;1.1180323680000002;;;;;1.220922416E9
0.0;;;;;0.0;;;1.096897872;;;;;8.6780648E8
0.0;;;;;0.0;;;0.7437819360000001;;;;;1.24024544E8
0.0;;;;;0.0;;;0.15702427200000002;;;;;1.199448768E9
9.094947017729282E-13;;;;;1.7664450101625102E-16;;;1.042424496;;;;;9.16222784E8
0.0;;;;;0.0;;;0.759198512;;;;;7.80055472E8
0.0;;;;;0.0;;;0.6230312;;;;;1.57024272E8
9.094947017729282E-13;;;;;1.7664453532462659E-16;;;0.11825716800000001;;;;;9.84343552E8
0.0;;;;;0.0;;;0.866086384;;;;;1.053955152E9
9.094947017729282E-13;;;;;2.0403689061824464E-16;;;0.935697984;;;;;7.55889024E8
9.094947017729282E-13;;;;;1.7055066558976662E-16;;;0.637631856;;;;;1.18257168E8
0.0;;;;;0.0;;;0.15738532800000002;;;;;1.06433176E9
9.094947017729282E-13;;;;;2.0403689061824464E-16;;;0.906946432;;;;;8.57473968E8
9.094947017729282E-13;;;;;1.4693948638534447E-16;;;0.70008864;;;;;8.01964912E8
0.0;;;;;0.0;;;0.644579584;;;;;1.57385328E8
0.0;;;;;0.0;;;0.14704312;;;;;1.288475984E9
0.0;;;;;0.0;;;1.141432864;;;;;9.06456576E8
0.0;;;;;0.0;;;0.7594134560000001;;;;;8.12198032E8
0.0;;;;;0.0;;;0.665154912;;;;;1.4704312E8
0.0;;;;;0.0;;;0.111152368;;;;;1.18432912E9
0.0;;;;;0.0;;;1.073176752;;;;;9.0052512E8
0.0;;;;;0.0;;;0.789372752;;;;;7.45082384E8
0.0;;;;;0.0;;;0.633930016;;;;;1.11152368E8
0.0;;;;;0.0;;;0.11305633600000001;;;;;7.93703008E8
0.0;;;;;0.0;;;0.6806466720000001;;;;;7.96422016E8
9.094947017729282E-13;;;;;1.6755398608701626E-16;;;0.6833656800000001;;;;;5.54232208E8
9.094947017729282E-13;;;;;2.311531443615477E-16;;;0.441175872;;;;;1.13056336E8
0.0;;;;;0.0;;;0.13479564800000002;;;;;9.98579456E8
0.0;;;;;0.0;;;0.8637838080000001;;;;;7.99606496E8
0.0;;;;;0.0;;;0.664810848;;;;;6.0084432E8
0.0;;;;;0.0;;;0.46604867200000005;;;;;1.34795648E8
0.0;;;;;0.0;;;0.112241056;;;;;7.58535488E8
4.547473508864641E-13;;;;;1.1787059398216282E-16;;;0.646294432;;;;;7.65936848E8
0.0;;;;;0.0;;;0.653695792;;;;;5.81227792E8
0.0;;;;;0.0;;;0.468986736;;;;;1.12241056E8
0.0;;;;;0.0;;;0.13821644800000002;;;;;8.27071808E8
0.0;;;;;0.0;;;0.68885536;;;;;9.03154912E8
1.8189894035458565E-12;;;;;2.0460419265112533E-16;;;0.7649384640000001;;;;;5.9564448E8
4.547473508864641E-13;;;;;1.6298540215909384E-16;;;0.45742803200000004;;;;;1.38216448E8
0.0;;;;;0.0;;;0.10977966400000001;;;;;9.72023904E8
1.8189894035458565E-12;;;;;2.0460419265112533E-16;;;0.8622442400000001;;;;;9.85256064E8
4.547473508864641E-13;;;;;1.4192191031942874E-16;;;0.8754764;;;;;5.64083088E8
0.0;;;;;0.0;;;0.454303424;;;;;1.09779664E8
0.0;;;;;0.0;;;0.10553963200000001;;;;;1.124583776E9
0.0;;;;;0.0;;;1.019044144;;;;;9.00341456E8
1.8189894035458565E-12;;;;;3.915790724858096E-16;;;0.7948018240000001;;;;;8.21447936E8
0.0;;;;;0.0;;;0.715908304;;;;;1.05539632E8
0.0;;;;;0.0;;;0.10144718400000001;;;;;1.166509712E9
1.8189894035458565E-12;;;;;4.0360555957353344E-16;;;1.0650625280000001;;;;;9.46873392E8
9.094947017729282E-13;;;;;1.220928250827054E-16;;;0.845426208;;;;;9.04828736E8
0.0;;;;;0.0;;;0.803381552;;;;;1.01447184E8
0.0;;;;;0.0;;;0.10226827200000001;;;;;1.243083536E9
0.0;;;;;0.0;;;1.140815264;;;;;9.90681584E8
0.0;;;;;0.0;;;0.8884133120000001;;;;;8.11875904E8
0.0;;;;;0.0;;;0.7096076320000001;;;;;1.02268272E8
9.094947017729282E-13;;;;;1.187117846573807E-16;;;0.11536161600000001;;;;;1.165433536E9
0.0;;;;;0.0;;;1.0500719200000002;;;;;8.93967856E8
0.0;;;;;0.0;;;0.77860624;;;;;9.72359952E8
0.0;;;;;0.0;;;0.8569983360000001;;;;;1.15361616E8
0.0;;;;;0.0;;;0.11300257600000001;;;;;1.244361472E9
0.0;;;;;0.0;;;1.131358896;;;;;9.1838728E8
3.637978807091713E-12;;;;;3.14873398695109E-16;;;0.8053847040000001;;;;;9.1933176E8
0.0;;;;;0.0;;;0.8063291840000001;;;;;1.13002576E8
0.0;;;;;0.0;;;0.09531779200000001;;;;;8.72036032E8
1.8189894035458565E-12;;;;;1.849694377880942E-16;;;0.77671824;;;;;7.42642896E8
0.0;;;;;0.0;;;0.6473251040000001;;;;;7.0208056E8
4.547473508864641E-13;;;;;1.4147865053956252E-16;;;0.6067627680000001;;;;;9.5317792E7
1.8189894035458565E-12;;;;;1.8041885100647168E-16;;;0.103317792;;;;;9.43784528E8
0.0;;;;;0.0;;;0.8404667360000001;;;;;9.27746752E8
4.547473508864641E-13;;;;;1.4147865053956252E-16;;;0.8244289600000001;;;;;7.95821056E8
1.8189894035458565E-12;;;;;1.7075341635160791E-16;;;0.6925032640000001;;;;;1.03317792E8
0.0;;;;;0.0;;;0.148121216;;;;;8.84527696E8
4.547473508864641E-13;;;;;1.4147865053956252E-16;;;0.7364064800000001;;;;;1.0347912E9
0.0;;;;;0.0;;;0.8866699840000001;;;;;6.72454512E8
4.547473508864641E-13;;;;;1.2056109925927527E-16;;;0.524333296;;;;;1.48121216E8
1.8189894035458565E-12;;;;;1.7005614671264296E-16;;;0.11640473600000001;;;;;9.39557104E8
0.0;;;;;0.0;;;0.823152368;;;;;1.066955024E9
4.547473508864641E-13;;;;;1.2056109925927527E-16;;;0.9505502880000001;;;;;7.18696096E8
1.8189894035458565E-12;;;;;1.7005614671264296E-16;;;0.60229136;;;;;1.16404736E8
0.0;;;;;0.0;;;0.125777584;;;;;7.86389024E8
0.0;;;;;0.0;;;0.66061144;;;;;1.155335568E9
0.0;;;;;0.0;;;1.029557984;;;;;6.87481408E8
0.0;;;;;0.0;;;0.5617038240000001;;;;;1.25777584E8
0.0;;;;;0.0;;;0.12384025600000001;;;;;6.98598496E8
0.0;;;;;0.0;;;0.5747582400000001;;;;;8.17393952E8
0.0;;;;;0.0;;;0.693553696;;;;;5.86629264E8
0.0;;;;;0.0;;;0.462789008;;;;;1.23840256E8
0.0;;;;;0.0;;;0.11962376000000001;;;;;9.78938368E8
9.094947017729282E-13;;;;;1.118213735702252E-16;;;0.859314608;;;;;9.68163296E8
0.0;;;;;0.0;;;0.8485395360000001;;;;;6.40394864E8
0.0;;;;;0.0;;;0.520771104;;;;;1.1962376E8
0.0;;;;;0.0;;;0.103994928;;;;;9.07039552E8
0.0;;;;;0.0;;;0.8030446240000001;;;;;8.38391248E8
0.0;;;;;0.0;;;0.73439632;;;;;6.44708464E8
0.0;;;;;0.0;;;0.540713536;;;;;1.03994928E8
0.0;;;;;0.0;;;0.099447216;;;;;9.26385168E8
0.0;;;;;0.0;;;0.8269379520000001;;;;;9.74243328E8
0.0;;;;;0.0;;;0.8747961120000001;;;;;6.79209904E8
0.0;;;;;0.0;;;0.5797626880000001;;;;;9.9447216E7
1.8189894035458565E-12;;;;;2.143444849066305E-16;;;0.143186736;;;;;9.39173776E8
9.094947017729282E-13;;;;;1.1396489893626893E-16;;;0.7959870400000001;;;;;8.21168784E8
0.0;;;;;0.0;;;0.6779820480000001;;;;;7.22018576E8
0.0;;;;;0.0;;;0.57883184;;;;;1.43186736E8
0.0;;;;;0.0;;;0.114102224;;;;;9.00903936E8
0.0;;;;;0.0;;;0.786801712;;;;;1.146534704E9
0.0;;;;;0.0;;;1.03243248;;;;;7.51225584E8
0.0;;;;;0.0;;;0.63712336;;;;;1.14102224E8
0.0;;;;;0.0;;;0.11810000000000001;;;;;9.95201488E8
0.0;;;;;0.0;;;0.8771014880000001;;;;;1.247597056E9
0.0;;;;;0.0;;;1.1294970560000002;;;;;9.73427424E8
0.0;;;;;0.0;;;0.8553274240000001;;;;;1.181E8
0.0;;;;;0.0;;;0.10667067200000001;;;;;1.007502752E9
0.0;;;;;0.0;;;0.90083208;;;;;1.230308192E9
0.0;;;;;0.0;;;1.1236375200000002;;;;;9.41701952E8
0.0;;;;;0.0;;;0.83503128;;;;;1.06670672E8
0.0;;;;;0.0;;;0.12864;;;;;9.79101472E8
0.0;;;;;0.0;;;0.8504614720000001;;;;;1.04750824E9
0.0;;;;;0.0;;;0.91886824;;;;;9.65103488E8
0.0;;;;;0.0;;;0.836463488;;;;;1.2864E8
0.0;;;;;0.0;;;0.095077696;;;;;9.88383728E8
9.094947017729282E-13;;;;;1.1677289432736534E-16;;;0.893306032;;;;;1.176968864E9
0.0;;;;;0.0;;;1.081891168;;;;;9.54742368E8
0.0;;;;;0.0;;;0.8596646720000001;;;;;9.5077696E7
0.0;;;;;0.0;;;0.133691008;;;;;6.89919824E8
0.0;;;;;0.0;;;0.5562288160000001;;;;;1.053417504E9
0.0;;;;;0.0;;;0.919726496;;;;;5.48603376E8
0.0;;;;;0.0;;;0.41491236800000003;;;;;1.33691008E8
0.0;;;;;0.0;;;0.083356736;;;;;8.830712E8
0.0;;;;;0.0;;;0.799714464;;;;;8.0160112E8
0.0;;;;;0.0;;;0.718244384;;;;;4.43445024E8
0.0;;;;;0.0;;;0.36008828800000003;;;;;8.3356736E7
0.0;;;;;0.0;;;0.129917952;;;;;8.8507664E8
9.094947017729282E-13;;;;;1.1677289432736534E-16;;;0.7551586880000001;;;;;8.1230448E8
;;;;;;;;0.682386528;;;;;5.18631072E8
;;;;;;;;0.38871312;;;;;1.29917952E8
;;;;;;;;0.147048736;;;;;9.35832016E8
;;;;;;;;0.7887832800000001;;;;;8.78307056E8
;;;;;;;;0.73125832;;;;;4.92682576E8
;;;;;;;;0.34563384;;;;;1.47048736E8
;;;;;;;;0.138595024;;;;;9.07499152E8
;;;;;;;;0.7689041280000001;;;;;9.45572624E8
;;;;;;;;0.8069776000000001;;;;;5.24905696E8
;;;;;;;;0.386310672;;;;;1.38595024E8
;;;;;;;;0.104598992;;;;;7.15479904E8
;;;;;;;;0.610880912;;;;;9.65555888E8
;;;;;;;;0.860956896;;;;;3.08116624E8
;;;;;;;;0.203517632;;;;;1.04598992E8
;;;;;;;;0.12248956800000001;;;;;6.91434144E8
;;;;;;;;0.568944576;;;;;9.8735344E8
;;;;;;;;0.864863872;;;;;3.30664672E8
;;;;;;;;0.208175104;;;;;1.22489568E8
;;;;;;;;0.10919408000000001;;;;;9.43975088E8
;;;;;;;;0.8347810080000001;;;;;9.89693424E8
;;;;;;;;0.8804993440000001;;;;;2.9709976E8
;;;;;;;;0.18790568000000002;;;;;1.0919408E8
;;;;;;;;0.11806545600000001;;;;;9.09879856E8
;;;;;;;;0.7918144;;;;;9.40617408E8
;;;;;;;;0.8225519520000001;;;;;3.1557184E8
;;;;;;;;0.197506384;;;;;1.18065456E8
;;;;;;;;0.137437648;;;;;9.41190656E8
;;;;;;;;0.803753008;;;;;1.092227568E9
;;;;;;;;0.9547899200000001;;;;;3.79538224E8
;;;;;;;;0.242100576;;;;;1.37437648E8
;;;;;;;;0.11029792000000001;;;;;9.19056816E8
;;;;;;;;0.8087588960000001;;;;;1.191670416E9
;;;;;;;;1.081372496;;;;;6.2170064E8
;;;;;;;;0.51140272;;;;;1.1029792E8
;;;;;;;;0.11539952;;;;;1.014531296E9
;;;;;;;;0.899131776;;;;;8.14188544E8
;;;;;;;;0.6987890240000001;;;;;6.16240176E8
;;;;;;;;0.500840656;;;;;1.1539952E8
;;;;;;;;0.10806908800000001;;;;;1.072971648E9
;;;;;;;;0.9649025600000001;;;;;1.032467904E9
;;;;;;;;0.9243988160000001;;;;;6.01017616E8
;;;;;;;;0.49294852800000005;;;;;1.08069088E8
;;;;;;;;0.12970129600000002;;;;;9.98073296E8
;;;;;;;;0.868372;;;;;1.033342464E9
;;;;;;;;0.903641168;;;;;6.24583424E8
;;;;;;;;0.49488212800000003;;;;;1.29701296E8
;;;;;;;;0.12572912;;;;;1.055532704E9
;;;;;;;;0.9298035840000001;;;;;9.51568432E8
;;;;;;;;0.825839312;;;;;6.175888E8
;;;;;;;;0.49185968;;;;;1.2572912E8
;;;;;;;;0.129640384;;;;;1.065334192E9
;;;;;;;;0.935693808;;;;;9.1565416E8
;;;;;;;;0.786013776;;;;;2.95198336E8
;;;;;;;;0.165557952;;;;;1.29640384E8
;;;;;;;;0.10596864;;;;;1.100901264E9
;;;;;;;;0.994932624;;;;;1.096965696E9
;;;;;;;;0.9909970560000001;;;;;2.71100976E8
;;;;;;;;0.16513233600000002;;;;;1.0596864E8
;;;;;;;;0.11124696;;;;;1.09241312E9
;;;;;;;;0.98116616;;;;;9.70765136E8
;;;;;;;;0.859518176;;;;;2.78663504E8
;;;;;;;;0.167416544;;;;;1.1124696E8
;;;;;;;;0.121061712;;;;;1.075982464E9
;;;;;;;;0.954920752;;;;;9.81827744E8
;;;;;;;;0.860766032;;;;;2.96431568E8
;;;;;;;;0.17536985600000002;;;;;1.21061712E8
;;;;;;;;0.098242112;;;;;1.045300016E9
;;;;;;;;0.947057904;;;;;8.42378896E8
;;;;;;;;0.744136784;;;;;2.77978928E8
;;;;;;;;0.17973681600000002;;;;;9.8242112E7
;;;;;;;;0.11032380800000001;;;;;7.46983344E8
;;;;;;;;0.636659536;;;;;8.81659776E8
;;;;;;;;0.771335968;;;;;7.27631456E8
;;;;;;;;0.617307648;;;;;1.10323808E8
;;;;;;;;0.117088864;;;;;8.8304696E8
;;;;;;;;0.7659580960000001;;;;;8.18262992E8
;;;;;;;;0.701174128;;;;;5.26321632E8
;;;;;;;;0.409232768;;;;;1.17088864E8
;;;;;;;;0.130035376;;;;;9.2895344E8
;;;;;;;;0.7989180640000001;;;;;9.36824144E8
;;;;;;;;0.8067887680000001;;;;;5.67766768E8
;;;;;;;;0.43773139200000005;;;;;1.30035376E8
;;;;;;;;0.116817056;;;;;8.66814656E8
;;;;;;;;0.7499976;;;;;9.04598096E8
;;;;;;;;0.78778104;;;;;6.6885488E8
;;;;;;;;0.552037824;;;;;1.16817056E8
;;;;;;;;0.112075296;;;;;8.21209408E8
;;;;;;;;0.7091341120000001;;;;;1.012326128E9
;;;;;;;;0.900250832;;;;;4.20228496E8
;;;;;;;;0.3081532;;;;;1.12075296E8
;;;;;;;;0.130083936;;;;;1.341971904E9
;;;;;;;;1.211887968;;;;;1.14445744E9
;;;;;;;;1.0143735040000001;;;;;7.63005424E8
;;;;;;;;0.632921488;;;;;1.30083936E8
;;;;;;;;0.12342856;;;;;1.12046704E9
;;;;;;;;0.9970384800000001;;;;;9.3347256E8
;;;;;;;;0.8100440000000001;;;;;5.32337728E8
;;;;;;;;0.40890916800000005;;;;;1.2342856E8
;;;;;;;;0.08672318400000001;;;;;9.08796256E8
;;;;;;;;0.822073072;;;;;1.387379952E9
;;;;;;;;1.300656768;;;;;6.15831376E8
;;;;;;;;0.529108192;;;;;8.6723184E7
;;;;;;;;0.10514345600000001;;;;;9.56337536E8
;;;;;;;;0.8511940800000001;;;;;1.291841152E9
;;;;;;;;1.186697696;;;;;8.47150848E8
;;;;;;;;0.7420073920000001;;;;;1.05143456E8
;;;;;;;;0.09980667200000001;;;;;9.44666016E8
;;;;;;;;0.8448593440000001;;;;;9.05097456E8
;;;;;;;;0.8052907840000001;;;;;7.51676256E8
;;;;;;;;0.6518695840000001;;;;;9.9806672E7
;;;;;;;;0.10349508800000001;;;;;8.79189104E8
;;;;;;;;0.7756940160000001;;;;;1.08696824E9
;;;;;;;;0.9834731520000001;;;;;7.47798752E8
;;;;;;;;0.644303664;;;;;1.03495088E8
;;;;;;;;0.119080848;;;;;8.96789168E8
;;;;;;;;0.77770832;;;;;1.03761424E9
;;;;;;;;0.9185333920000001;;;;;6.98040672E8
;;;;;;;;0.578959824;;;;;1.19080848E8
;;;;;;;;0.09533187200000001;;;;;8.45274128E8
;;;;;;;;0.7499422560000001;;;;;9.82368864E8
;;;;;;;;0.8870369920000001;;;;;7.7248632E8
;;;;;;;;0.677154448;;;;;9.5331872E7
;;;;;;;;0.11816451200000001;;;;;8.82968624E8
;;;;;;;;0.7648041120000001;;;;;1.214499936E9
;;;;;;;;1.096335424;;;;;8.3656184E8
;;;;;;;;0.718397328;;;;;1.18164512E8
;;;;;;;;0.110030768;;;;;9.04770176E8
;;;;;;;;0.7947394080000001;;;;;1.051945648E9
;;;;;;;;0.94191488;;;;;6.8076616E8
;;;;;;;;0.570735392;;;;;1.10030768E8
;;;;;;;;0.133418544;;;;;1.008682288E9
;;;;;;;;0.8752637440000001;;;;;8.79195792E8
;;;;;;;;0.745777248;;;;;5.217776E8
;;;;;;;;0.38835905600000004;;;;;1.33418544E8
;;;;;;;;0.1172136;;;;;9.224292E8
;;;;;;;;0.8052156;;;;;7.9728072E8
;;;;;;;;0.68006712;;;;;5.58452352E8
;;;;;;;;0.441238752;;;;;1.172136E8
;;;;;;;;0.148149888;;;;;1.093143056E9
;;;;;;;;0.9449931680000001;;;;;9.48942512E8
;;;;;;;;0.8007926240000001;;;;;6.03817888E8
;;;;;;;;0.455668;;;;;1.48149888E8
;;;;;;;;0.14666246400000002;;;;;1.139191904E9
;;;;;;;;0.9925294400000001;;;;;8.3332264E8
;;;;;;;;0.6866601760000001;;;;;6.41883888E8
;;;;;;;;0.495221424;;;;;1.46662464E8
;;;;;;;;0.120873696;;;;;1.177677168E9
;;;;;;;;1.0568034720000001;;;;;9.54393744E8
;;;;;;;;0.833520048;;;;;5.95298128E8
;;;;;;;;0.474424432;;;;;1.20873696E8
;;;;;;;;0.11781438400000001;;;;;8.90872544E8
;;;;;;;;0.77305816;;;;;1.052741168E9
;;;;;;;;0.9349267840000001;;;;;6.26610848E8
;;;;;;;;0.508796464;;;;;1.17814384E8
;;;;;;;;0.11111259200000001;;;;;6.80417264E8
;;;;;;;;0.569304672;;;;;1.328943472E9
;;;;;;;;1.2178308800000002;;;;;6.94639328E8
;;;;;;;;0.583526736;;;;;1.11112592E8
;;;;;;;;0.09673337600000001;;;;;8.84452976E8
;;;;;;;;0.7877196000000001;;;;;9.42340224E8
;;;;;;;;0.8456068480000001;;;;;6.54437072E8
;;;;;;;;0.557703696;;;;;9.6733376E7
;;;;;;;;0.094616064;;;;;8.36010576E8
;;;;;;;;0.7413945120000001;;;;;1.204714032E9
;;;;;;;;1.110097968;;;;;6.57010896E8
;;;;;;;;0.5623948320000001;;;;;9.4616064E7
;;;;;;;;0.09999888000000001;;;;;8.59606736E8
;;;;;;;;0.759607856;;;;;9.89345216E8
;;;;;;;;0.889346336;;;;;6.57498384E8
;;;;;;;;0.557499504;;;;;9.999888E7
;;;;;;;;0.146048208;;;;;1.044598E9
;;;;;;;;0.8985497920000001;;;;;1.351879248E9
;;;;;;;;1.20583104;;;;;8.12572704E8
;;;;;;;;0.6665244960000001;;;;;1.46048208E8
;;;;;;;;0.12016616000000001;;;;;9.42418416E8
;;;;;;;;0.8222522560000001;;;;;1.269799472E9
;;;;;;;;1.149633312;;;;;5.95129536E8
;;;;;;;;0.47496337600000005;;;;;1.2016616E8
;;;;;;;;0.13273344;;;;;1.059764992E9
;;;;;;;;0.9270315520000001;;;;;1.475489184E9
;;;;;;;;1.342755744;;;;;7.13192576E8
;;;;;;;;0.580459136;;;;;1.3273344E8
;;;;;;;;0.111622016;;;;;9.4695312E8
;;;;;;;;0.8353311040000001;;;;;1.193898112E9
;;;;;;;;1.082276096;;;;;5.46986016E8
;;;;;;;;0.43536400000000003;;;;;1.11622016E8
;;;;;;;;0.11907740800000001;;;;;1.135288048E9
;;;;;;;;1.0162106400000002;;;;;1.14529664E9
;;;;;;;;1.026219232;;;;;5.79834768E8
;;;;;;;;0.46075736;;;;;1.19077408E8
;;;;;;;;0.114633568;;;;;1.0863988E9
;;;;;;;;0.9717652320000001;;;;;1.247333296E9
;;;;;;;;1.132699728;;;;;1.127365616E9
;;;;;;;;1.0127320480000002;;;;;1.14633568E8
;;;;;;;;0.14712065600000002;;;;;1.377708624E9
;;;;;;;;1.230587968;;;;;1.222616832E9
;;;;;;;;1.0754961760000001;;;;;7.85072336E8
;;;;;;;;0.63795168;;;;;1.47120656E8
;;;;;;;;0.14464622400000002;;;;;1.387403696E9
;;;;;;;;1.242757472;;;;;1.04652016E9
;;;;;;;;0.9018739360000001;;;;;8.5283416E8
;;;;;;;;0.7081879360000001;;;;;1.44646224E8
;;;;;;;;0.12358705600000001;;;;;1.321925232E9
;;;;;;;;1.198338176;;;;;1.106041792E9
;;;;;;;;0.9824547360000001;;;;;5.95245072E8
;;;;;;;;0.471658016;;;;;1.23587056E8
;;;;;;;;0.11404393600000001;;;;;1.350205424E9
;;;;;;;;1.236161488;;;;;1.213459664E9
;;;;;;;;1.099415728;;;;;5.64376832E8
;;;;;;;;0.45033289600000004;;;;;1.14043936E8
;;;;;;;;0.12757808;;;;;1.05231472E9
;;;;;;;;0.9247366400000001;;;;;8.91286736E8
;;;;;;;;0.763708656;;;;;6.5365656E8
;;;;;;;;0.52607848;;;;;1.2757808E8
;;;;;;;;0.130598752;;;;;8.76944464E8
;;;;;;;;0.746345712;;;;;8.4428248E8
;;;;;;;;0.713683728;;;;;8.1676192E8
;;;;;;;;0.686163168;;;;;1.30598752E8
;;;;;;;;0.120185232;;;;;1.083429936E9
;;;;;;;;0.9632447040000001;;;;;8.02121376E8
;;;;;;;;0.681936144;;;;;7.42761936E8
;;;;;;;;0.6225767040000001;;;;;1.20185232E8
;;;;;;;;0.098228672;;;;;1.248341952E9
;;;;;;;;1.15011328;;;;;8.2734768E8
;;;;;;;;0.7291190080000001;;;;;7.283204E8
;;;;;;;;0.630091728;;;;;9.8228672E7
;;;;;;;;0.145523296;;;;;1.300317632E9
;;;;;;;;1.1547943360000001;;;;;8.78915456E8
;;;;;;;;0.7333921600000001;;;;;7.12353792E8
;;;;;;;;0.566830496;;;;;1.45523296E8
;;;;;;;;0.09645440000000001;;;;;9.94817856E8
;;;;;;;;0.898363456;;;;;1.166226096E9
;;;;;;;;1.069771696;;;;;3.1514392E8
;;;;;;;;0.21868952000000003;;;;;9.64544E7
;;;;;;;;0.12047867200000001;;;;;1.052610928E9
;;;;;;;;0.932132256;;;;;1.211259376E9
;;;;;;;;1.0907807040000002;;;;;3.66336144E8
;;;;;;;;0.24585747200000002;;;;;1.20478672E8
;;;;;;;;0.11710968000000001;;;;;1.088823792E9
;;;;;;;;0.971714112;;;;;1.254247168E9
;;;;;;;;1.137137488;;;;;3.88730928E8
;;;;;;;;0.27162124800000004;;;;;1.1710968E8
;;;;;;;;0.09684584;;;;;1.063394448E9
;;;;;;;;0.9665486080000001;;;;;1.250022944E9
;;;;;;;;1.153177104;;;;;3.54899808E8
;;;;;;;;0.258053968;;;;;9.684584E7
;;;;;;;;0.10699283200000001;;;;;1.10049648E9
;;;;;;;;0.993503648;;;;;1.158157456E9
;;;;;;;;1.051164624;;;;;3.40665648E8
;;;;;;;;0.233672816;;;;;1.06992832E8
