01.10.2011;04:00;938056
01.10.2011;04:15;995663
01.10.2011;04:30;1024106
01.10.2011;04:45;1030602
01.10.2011;05:00;1023883
01.10.2011;05:15;1032622
01.10.2011;05:30;1047858
01.10.2011;05:45;1026348
01.10.2011;06:00;1062344
01.10.2011;06:15;1069241
01.10.2011;06:30;1124657
01.10.2011;06:45;1102637
01.10.2011;07:00;1153850
01.10.2011;07:15;1147740
01.10.2011;07:30;1151058
01.10.2011;07:45;1191109
01.10.2011;08:00;1230766
01.10.2011;08:15;1246189
01.10.2011;08:30;1194660
01.10.2011;08:45;1222878
01.10.2011;09:00;1270776
01.10.2011;09:15;1242107
01.10.2011;09:30;1258939
01.10.2011;09:45;1240664
01.10.2011;10:00;1270022
01.10.2011;10:15;1306083
01.10.2011;10:30;1292055
01.10.2011;10:45;1244916
01.10.2011;11:00;1229803
01.10.2011;11:15;1268463
01.10.2011;11:30;1238834
01.10.2011;11:45;1198809
01.10.2011;12:00;1167245
01.10.2011;12:15;1203402
01.10.2011;12:30;1182760
01.10.2011;12:45;1129649
01.10.2011;13:00;1124638
01.10.2011;13:15;1140421
01.10.2011;13:30;1138033
01.10.2011;13:45;1051954
01.10.2011;14:00;1101940
01.10.2011;14:15;1103235
01.10.2011;14:30;1064654
01.10.2011;14:45;1097281
01.10.2011;15:00;1061885
01.10.2011;15:15;1060160
01.10.2011;15:30;1052016
01.10.2011;15:45;1098179
01.10.2011;16:00;1109045
01.10.2011;16:15;1075687
01.10.2011;16:30;1078046
01.10.2011;16:45;1104310
01.10.2011;17:00;1140966
01.10.2011;17:15;1133951
01.10.2011;17:30;1151179
01.10.2011;17:45;1179711
01.10.2011;18:00;1204153
01.10.2011;18:15;1177676
01.10.2011;18:30;1198247
01.10.2011;18:45;1249462
01.10.2011;19:00;1256079
01.10.2011;19:15;1272552
01.10.2011;19:30;1295748
01.10.2011;19:45;1284343
01.10.2011;20:00;1300637
01.10.2011;20:15;1293136
01.10.2011;20:30;1226121
01.10.2011;20:45;1172969
01.10.2011;21:00;1210913
01.10.2011;21:15;1180944
01.10.2011;21:30;1178052
01.10.2011;21:45;1112210
01.10.2011;22:00;1138411
01.10.2011;22:15;1125239
01.10.2011;22:30;1105829
01.10.2011;22:45;1057065
01.10.2011;23:00;1041626
01.10.2011;23:15;1042672
01.10.2011;23:30;994536
01.10.2011;23:45;1000068
02.10.2011;00:00;956914
02.10.2011;00:15;914609
02.10.2011;00:30;893331
02.10.2011;00:45;897435
02.10.2011;01:00;886439
02.10.2011;01:15;858968
02.10.2011;01:30;896472
02.10.2011;01:45;903563
02.10.2011;02:00;885692
02.10.2011;02:15;814328
02.10.2011;02:30;877233
02.10.2011;02:45;869686
02.10.2011;03:00;886091
02.10.2011;03:15;843535
02.10.2011;03:30;859454
02.10.2011;03:45;883000
02.10.2011;04:00;874911
02.10.2011;04:15;862789
02.10.2011;04:30;850083
02.10.2011;04:45;851763
02.10.2011;05:00;819018
02.10.2011;05:15;861708
02.10.2011;05:30;894031
02.10.2011;05:45;875429
02.10.2011;06:00;866149
02.10.2011;06:15;892852
02.10.2011;06:30;926494
02.10.2011;06:45;935308
02.10.2011;07:00;912873
02.10.2011;07:15;949836
02.10.2011;07:30;971460
02.10.2011;07:45;1000324
02.10.2011;08:00;978683
02.10.2011;08:15;1017309
02.10.2011;08:30;1010671
02.10.2011;08:45;995057
02.10.2011;09:00;1011428
02.10.2011;09:15;1027426
02.10.2011;09:30;1046922
02.10.2011;09:45;1042371
02.10.2011;10:00;1026764
02.10.2011;10:15;1084241
02.10.2011;10:30;1073884
02.10.2011;10:45;1066688
02.10.2011;11:00;1065050
02.10.2011;11:15;1065075
02.10.2011;11:30;1078192
02.10.2011;11:45;1084726
02.10.2011;12:00;1059500
02.10.2011;12:15;1025509
02.10.2011;12:30;1028937
02.10.2011;12:45;994436
02.10.2011;13:00;1003957
02.10.2011;13:15;991475
02.10.2011;13:30;935929
02.10.2011;13:45;952555
02.10.2011;14:00;961796
02.10.2011;14:15;961524
02.10.2011;14:30;916730
02.10.2011;14:45;934300
02.10.2011;15:00;955154
02.10.2011;15:15;949280
02.10.2011;15:30;961460
02.10.2011;15:45;901667
02.10.2011;16:00;935306
02.10.2011;16:15;949417
02.10.2011;16:30;930189
02.10.2011;16:45;972655
02.10.2011;17:00;966865
02.10.2011;17:15;990540
02.10.2011;17:30;993535
02.10.2011;17:45;1023125
02.10.2011;18:00;1042395
02.10.2011;18:15;1042129
02.10.2011;18:30;1115068
02.10.2011;18:45;1134746
02.10.2011;19:00;1159283
02.10.2011;19:15;1145464
02.10.2011;19:30;1158533
02.10.2011;19:45;1195480
02.10.2011;20:00;1209602
02.10.2011;20:15;1189854
02.10.2011;20:30;1129523
02.10.2011;20:45;1152258
02.10.2011;21:00;1142416
02.10.2011;21:15;1104984
02.10.2011;21:30;1082047
02.10.2011;21:45;1087447
02.10.2011;22:00;1062357
02.10.2011;22:15;1078368
02.10.2011;22:30;1070330
02.10.2011;22:45;1039271
02.10.2011;23:00;945757
02.10.2011;23:15;956556
02.10.2011;23:30;944285
02.10.2011;23:45;913427
03.10.2011;00:00;875458
03.10.2011;00:15;936576
03.10.2011;00:30;914598
03.10.2011;00:45;912075
03.10.2011;01:00;836966
03.10.2011;01:15;851805
03.10.2011;01:30;855453
03.10.2011;01:45;833723
03.10.2011;02:00;852226
03.10.2011;02:15;865561
03.10.2011;02:30;878789
03.10.2011;02:45;823273
03.10.2011;03:00;821853
03.10.2011;03:15;865555
03.10.2011;03:30;880517
03.10.2011;03:45;850535
03.10.2011;04:00;843045
03.10.2011;04:15;866152
03.10.2011;04:30;887518
03.10.2011;04:45;866283
03.10.2011;05:00;879737
03.10.2011;05:15;885666
03.10.2011;05:30;901213
03.10.2011;05:45;892754
03.10.2011;06:00;909904
03.10.2011;06:15;908387
03.10.2011;06:30;959516
03.10.2011;06:45;939183
03.10.2011;07:00;936877
03.10.2011;07:15;981761
03.10.2011;07:30;982861
03.10.2011;07:45;953598
03.10.2011;08:00;1001915
03.10.2011;08:15;1020576
03.10.2011;08:30;1033520
03.10.2011;08:45;993151
03.10.2011;09:00;988391
03.10.2011;09:15;1036123
03.10.2011;09:30;1051549
03.10.2011;09:45;1034731
03.10.2011;10:00;1047384
03.10.2011;10:15;1099579
03.10.2011;10:30;1114269
03.10.2011;10:45;1085283
03.10.2011;11:00;1088127
03.10.2011;11:15;1119263
03.10.2011;11:30;1095767
03.10.2011;11:45;1045902
03.10.2011;12:00;1026023
03.10.2011;12:15;1027326
03.10.2011;12:30;1043736
03.10.2011;12:45;1019296
03.10.2011;13:00;979255
03.10.2011;13:15;935942
03.10.2011;13:30;993144
03.10.2011;13:45;979110
03.10.2011;14:00;980689
03.10.2011;14:15;980074
03.10.2011;14:30;920662
03.10.2011;14:45;947037
03.10.2011;15:00;952821
03.10.2011;15:15;924366
03.10.2011;15:30;953567
03.10.2011;15:45;962371
03.10.2011;16:00;972636
03.10.2011;16:15;917941
03.10.2011;16:30;986894
03.10.2011;16:45;1007501
03.10.2011;17:00;1011635
03.10.2011;17:15;1024837
03.10.2011;17:30;1043393
03.10.2011;17:45;1083055
03.10.2011;18:00;1084728
03.10.2011;18:15;1106857
03.10.2011;18:30;1164316
03.10.2011;18:45;1178342
03.10.2011;19:00;1208605
03.10.2011;19:15;1263211
03.10.2011;19:30;1282920
03.10.2011;19:45;1218330
03.10.2011;20:00;1265344
03.10.2011;20:15;1281004
03.10.2011;20:30;1251071
03.10.2011;20:45;1194489
03.10.2011;21:00;1180012
03.10.2011;21:15;1145057
03.10.2011;21:30;1167239
03.10.2011;21:45;1156572
03.10.2011;22:00;1195695
03.10.2011;22:15;1181865
03.10.2011;22:30;1114154
03.10.2011;22:45;1104132
03.10.2011;23:00;1104646
03.10.2011;23:15;1094616
03.10.2011;23:30;1039070
03.10.2011;23:45;1028277
04.10.2011;00:00;1030478
04.10.2011;00:15;1029304
04.10.2011;00:30;996484
04.10.2011;00:45;952901
04.10.2011;01:00;992359
04.10.2011;01:15;984360
04.10.2011;01:30;970382
04.10.2011;01:45;925073
04.10.2011;02:00;966006
04.10.2011;02:15;973708
04.10.2011;02:30;963432
04.10.2011;02:45;902064
04.10.2011;03:00;939876
04.10.2011;03:15;938985
04.10.2011;03:30;952241
04.10.2011;03:45;914931
04.10.2011;04:00;963623
04.10.2011;04:15;997009
04.10.2011;04:30;992293
04.10.2011;04:45;1002032
04.10.2011;05:00;1055445
04.10.2011;05:15;1096238
04.10.2011;05:30;1109781
04.10.2011;05:45;1117059
04.10.2011;06:00;1207540
04.10.2011;06:15;1281328
04.10.2011;06:30;1370114
04.10.2011;06:45;1369815
04.10.2011;07:00;1425769
04.10.2011;07:15;1459568
04.10.2011;07:30;1473255
04.10.2011;07:45;1470274
04.10.2011;08:00;1465795
04.10.2011;08:15;1497505
04.10.2011;08:30;1504363
04.10.2011;08:45;1472559
04.10.2011;09:00;1415679
04.10.2011;09:15;1444818
04.10.2011;09:30;1474642
04.10.2011;09:45;1494850
04.10.2011;10:00;1439440
04.10.2011;10:15;1499763
04.10.2011;10:30;1499870
04.10.2011;10:45;1475762
04.10.2011;11:00;1452784
04.10.2011;11:15;1437032
04.10.2011;11:30;1481572
04.10.2011;11:45;1484360
04.10.2011;12:00;1471787
04.10.2011;12:15;1411462
04.10.2011;12:30;1421846
04.10.2011;12:45;1460808
04.10.2011;13:00;1476021
04.10.2011;13:15;1415963
04.10.2011;13:30;1441178
04.10.2011;13:45;1416643
04.10.2011;14:00;1453233
04.10.2011;14:15;1392769
04.10.2011;14:30;1412543
04.10.2011;14:45;1449434
04.10.2011;15:00;1449517
04.10.2011;15:15;1460144
04.10.2011;15:30;1414850
04.10.2011;15:45;1386891
04.10.2011;16:00;1440947
04.10.2011;16:15;1469125
04.10.2011;16:30;1465836
04.10.2011;16:45;1454030
04.10.2011;17:00;1441170
04.10.2011;17:15;1442066
04.10.2011;17:30;1478071
04.10.2011;17:45;1485748
04.10.2011;18:00;1509432
04.10.2011;18:15;1511791
04.10.2011;18:30;1476491
04.10.2011;18:45;1545081
04.10.2011;19:00;1602670
04.10.2011;19:15;1619487
04.10.2011;19:30;1601126
04.10.2011;19:45;1611838
04.10.2011;20:00;1594609
04.10.2011;20:15;1525378
04.10.2011;20:30;1495370
04.10.2011;20:45;1470837
04.10.2011;21:00;1396006
04.10.2011;21:15;1403280
04.10.2011;21:30;1418006
04.10.2011;21:45;1389129
04.10.2011;22:00;1382467
04.10.2011;22:15;1353099
04.10.2011;22:30;1310215
04.10.2011;22:45;1328073
04.10.2011;23:00;1274766
04.10.2011;23:15;1225492
04.10.2011;23:30;1157065
04.10.2011;23:45;1178170
05.10.2011;00:00;1162955
05.10.2011;00:15;1180406
05.10.2011;00:30;1094514
05.10.2011;00:45;1155131
05.10.2011;01:00;1130084
05.10.2011;01:15;1100532
05.10.2011;01:30;1060003
05.10.2011;01:45;1059301
05.10.2011;02:00;1051872
05.10.2011;02:15;1049453
05.10.2011;02:30;1087014
05.10.2011;02:45;1050746
05.10.2011;03:00;1095333
05.10.2011;03:15;1055864
05.10.2011;03:30;1081000
05.10.2011;03:45;1059627
05.10.2011;04:00;1115905
05.10.2011;04:15;1121997
05.10.2011;04:30;1090023
05.10.2011;04:45;1105140
05.10.2011;05:00;1153353
05.10.2011;05:15;1214204
05.10.2011;05:30;1239247
05.10.2011;05:45;1197495
05.10.2011;06:00;1284795
05.10.2011;06:15;1352854
05.10.2011;06:30;1401150
05.10.2011;06:45;1437416
05.10.2011;07:00;1469611
05.10.2011;07:15;1528367
05.10.2011;07:30;1508682
05.10.2011;07:45;1516885
05.10.2011;08:00;1520099
05.10.2011;08:15;1530869
05.10.2011;08:30;1518375
05.10.2011;08:45;1532222
05.10.2011;09:00;1540119
05.10.2011;09:15;1477013
05.10.2011;09:30;1479501
05.10.2011;09:45;1511453
05.10.2011;10:00;1493115
05.10.2011;10:15;1495785
05.10.2011;10:30;1436141
05.10.2011;10:45;1489658
05.10.2011;11:00;1509566
05.10.2011;11:15;1609650
05.10.2011;11:30;1556876
05.10.2011;11:45;1528831
05.10.2011;12:00;1496732
05.10.2011;12:15;1456668
05.10.2011;12:30;1497588
05.10.2011;12:45;1501515
05.10.2011;13:00;1556103
05.10.2011;13:15;1567536
05.10.2011;13:30;1507396
05.10.2011;13:45;1418893
05.10.2011;14:00;1508323
05.10.2011;14:15;1504862
05.10.2011;14:30;1530965
05.10.2011;14:45;1436687
05.10.2011;15:00;1469291
05.10.2011;15:15;1476210
05.10.2011;15:30;1521206
05.10.2011;15:45;1499569
05.10.2011;16:00;1465992
05.10.2011;16:15;1492280
05.10.2011;16:30;1529409
05.10.2011;16:45;1535016
05.10.2011;17:00;1539923
05.10.2011;17:15;1476434
05.10.2011;17:30;1583152
05.10.2011;17:45;1572288
05.10.2011;18:00;1552494
05.10.2011;18:15;1509576
05.10.2011;18:30;1591335
05.10.2011;18:45;1619020
05.10.2011;19:00;1630414
05.10.2011;19:15;1623018
05.10.2011;19:30;1638585
05.10.2011;19:45;1671001
05.10.2011;20:00;1610215
05.10.2011;20:15;1593983
05.10.2011;20:30;1562798
05.10.2011;20:45;1545145
05.10.2011;21:00;1459855
05.10.2011;21:15;1474868
05.10.2011;21:30;1458923
05.10.2011;21:45;1399348
05.10.2011;22:00;1395841
05.10.2011;22:15;1376130
05.10.2011;22:30;1359902
05.10.2011;22:45;1299671
05.10.2011;23:00;1281676
05.10.2011;23:15;1251820
05.10.2011;23:30;1244760
05.10.2011;23:45;1225029
06.10.2011;00:00;1153864
06.10.2011;00:15;1100210
06.10.2011;00:30;1130009
06.10.2011;00:45;1145157
06.10.2011;01:00;1133534
06.10.2011;01:15;1131392
06.10.2011;01:30;1125283
06.10.2011;01:45;1102511
06.10.2011;02:00;1120743
06.10.2011;02:15;1103535
06.10.2011;02:30;1128463
06.10.2011;02:45;1159280
06.10.2011;03:00;1122813
06.10.2011;03:15;1121058
06.10.2011;03:30;1156993
06.10.2011;03:45;1161727
06.10.2011;04:00;1124481
06.10.2011;04:15;1176855
06.10.2011;04:30;1152081
06.10.2011;04:45;1159047
06.10.2011;05:00;1203260
06.10.2011;05:15;1250740
06.10.2011;05:30;1270557
06.10.2011;05:45;1290282
06.10.2011;06:00;1325877
06.10.2011;06:15;1457342
06.10.2011;06:30;1533904
06.10.2011;06:45;1560746
06.10.2011;07:00;1571874
06.10.2011;07:15;1582212
06.10.2011;07:30;1657369
06.10.2011;07:45;1631150
06.10.2011;08:00;1566859
06.10.2011;08:15;1585943
06.10.2011;08:30;1536077
06.10.2011;08:45;1544699
06.10.2011;09:00;1532578
06.10.2011;09:15;1557752
06.10.2011;09:30;1539220
06.10.2011;09:45;1524066
06.10.2011;10:00;1533768
06.10.2011;10:15;1521823
06.10.2011;10:30;1532415
06.10.2011;10:45;1476303
06.10.2011;11:00;1532245
06.10.2011;11:15;1565673
06.10.2011;11:30;1603765
06.10.2011;11:45;1550521
06.10.2011;12:00;1484782
06.10.2011;12:15;1485063
06.10.2011;12:30;1526758
06.10.2011;12:45;1523766
06.10.2011;13:00;1462889
06.10.2011;13:15;1498621
06.10.2011;13:30;1472412
06.10.2011;13:45;1492008
06.10.2011;14:00;1465411
06.10.2011;14:15;1512333
06.10.2011;14:30;1519925
06.10.2011;14:45;1546521
06.10.2011;15:00;1534920
06.10.2011;15:15;1524105
06.10.2011;15:30;1528969
06.10.2011;15:45;1453280
06.10.2011;16:00;1503908
06.10.2011;16:15;1504647
06.10.2011;16:30;1554074
06.10.2011;16:45;1503870
06.10.2011;17:00;1505680
06.10.2011;17:15;1526340
06.10.2011;17:30;1590980
06.10.2011;17:45;1589526
06.10.2011;18:00;1532918
06.10.2011;18:15;1583888
06.10.2011;18:30;1616563
06.10.2011;18:45;1634954
06.10.2011;19:00;1613540
06.10.2011;19:15;1661941
06.10.2011;19:30;1670383
06.10.2011;19:45;1656554
06.10.2011;20:00;1614804
06.10.2011;20:15;1584810
06.10.2011;20:30;1583420
06.10.2011;20:45;1550529
06.10.2011;21:00;1505215
06.10.2011;21:15;1494249
06.10.2011;21:30;1450935
06.10.2011;21:45;1424482
06.10.2011;22:00;1422032
06.10.2011;22:15;1421538
06.10.2011;22:30;1410541
06.10.2011;22:45;1352549
06.10.2011;23:00;1318623
06.10.2011;23:15;1277481
06.10.2011;23:30;1246833
06.10.2011;23:45;1245755
07.10.2011;00:00;1214676
07.10.2011;00:15;1235457
07.10.2011;00:30;1157552
07.10.2011;00:45;1149859
07.10.2011;01:00;1153430
07.10.2011;01:15;1154719
07.10.2011;01:30;1105349
07.10.2011;01:45;1113434
07.10.2011;02:00;1126973
07.10.2011;02:15;1122474
07.10.2011;02:30;1091485
07.10.2011;02:45;1150859
07.10.2011;03:00;1161197
07.10.2011;03:15;1161074
07.10.2011;03:30;1076468
07.10.2011;03:45;1140824
07.10.2011;04:00;1144457
07.10.2011;04:15;1185318
07.10.2011;04:30;1182822
07.10.2011;04:45;1197814
07.10.2011;05:00;1247133
07.10.2011;05:15;1248144
07.10.2011;05:30;1283314
07.10.2011;05:45;1316401
07.10.2011;06:00;1363050
07.10.2011;06:15;1420923
07.10.2011;06:30;1505063
07.10.2011;06:45;1555078
07.10.2011;07:00;1608423
07.10.2011;07:15;1611432
07.10.2011;07:30;1616931
07.10.2011;07:45;1624968
07.10.2011;08:00;1633387
07.10.2011;08:15;1617604
07.10.2011;08:30;1618109
07.10.2011;08:45;1641077
07.10.2011;09:00;1601603
07.10.2011;09:15;1578742
07.10.2011;09:30;1552452
07.10.2011;09:45;1558439
07.10.2011;10:00;1581107
07.10.2011;10:15;1580803
07.10.2011;10:30;1631101
07.10.2011;10:45;1614311
07.10.2011;11:00;1644763
07.10.2011;11:15;1688189
07.10.2011;11:30;1626032
07.10.2011;11:45;1651234
07.10.2011;12:00;1635958
07.10.2011;12:15;1569759
07.10.2011;12:30;1553961
07.10.2011;12:45;1516364
07.10.2011;13:00;1528474
07.10.2011;13:15;1593530
07.10.2011;13:30;1562631
07.10.2011;13:45;1564680
07.10.2011;14:00;1477680
07.10.2011;14:15;1494728
07.10.2011;14:30;1422073
07.10.2011;14:45;1451396
07.10.2011;15:00;1460574
07.10.2011;15:15;1483769
07.10.2011;15:30;1482195
07.10.2011;15:45;1430566
07.10.2011;16:00;1434540
07.10.2011;16:15;1439993
07.10.2011;16:30;1520499
07.10.2011;16:45;1504547
07.10.2011;17:00;1508862
07.10.2011;17:15;1514851
07.10.2011;17:30;1566771
07.10.2011;17:45;1558859
07.10.2011;18:00;1569955
07.10.2011;18:15;1535742
07.10.2011;18:30;1601070
07.10.2011;18:45;1589021
07.10.2011;19:00;1573781
07.10.2011;19:15;1609841
07.10.2011;19:30;1559831
07.10.2011;19:45;1557004
07.10.2011;20:00;1518420
07.10.2011;20:15;1464781
07.10.2011;20:30;1453393
07.10.2011;20:45;1454460
07.10.2011;21:00;1420100
07.10.2011;21:15;1384862
07.10.2011;21:30;1398160
07.10.2011;21:45;1352597
07.10.2011;22:00;1310146
07.10.2011;22:15;1315638
07.10.2011;22:30;1334736
07.10.2011;22:45;1292601
07.10.2011;23:00;1273731
07.10.2011;23:15;1206318
07.10.2011;23:30;1224493
07.10.2011;23:45;1213438
08.10.2011;00:00;1156105
08.10.2011;00:15;1120063
08.10.2011;00:30;1112269
08.10.2011;00:45;1107365
08.10.2011;01:00;1073414
08.10.2011;01:15;1078608
08.10.2011;01:30;1063550
08.10.2011;01:45;1063521
08.10.2011;02:00;1082671
08.10.2011;02:15;1085094
08.10.2011;02:30;1055488
08.10.2011;02:45;1047587
08.10.2011;03:00;1080124
08.10.2011;03:15;1083505
08.10.2011;03:30;1093051
08.10.2011;03:45;1033193
08.10.2011;04:00;1061635
08.10.2011;04:15;1092341
08.10.2011;04:30;1110197
08.10.2011;04:45;1069143
08.10.2011;05:00;1060792
08.10.2011;05:15;1102717
08.10.2011;05:30;1114919
08.10.2011;05:45;1106971
08.10.2011;06:00;1084040
08.10.2011;06:15;1087935
08.10.2011;06:30;1174511
08.10.2011;06:45;1209730
08.10.2011;07:00;1233123
08.10.2011;07:15;1205832
08.10.2011;07:30;1244050
08.10.2011;07:45;1284579
08.10.2011;08:00;1313283
08.10.2011;08:15;1273873
08.10.2011;08:30;1292057
08.10.2011;08:45;1298500
08.10.2011;09:00;1320406
08.10.2011;09:15;1399780
08.10.2011;09:30;1431147
08.10.2011;09:45;1390532
08.10.2011;10:00;1395894
08.10.2011;10:15;1437542
08.10.2011;10:30;1443416
08.10.2011;10:45;1417433
08.10.2011;11:00;1368958
08.10.2011;11:15;1406196
08.10.2011;11:30;1370546
08.10.2011;11:45;1378630
08.10.2011;12:00;1466739
08.10.2011;12:15;1446021
08.10.2011;12:30;1426483
08.10.2011;12:45;1271626
08.10.2011;13:00;1265688
08.10.2011;13:15;1229575
08.10.2011;13:30;1218103
08.10.2011;13:45;1221663
08.10.2011;14:00;1273566
08.10.2011;14:15;1331415
08.10.2011;14:30;1327201
08.10.2011;14:45;1257426
08.10.2011;15:00;1314440
08.10.2011;15:15;1255822
08.10.2011;15:30;1245601
08.10.2011;15:45;1193002
08.10.2011;16:00;1271485
08.10.2011;16:15;1287469
08.10.2011;16:30;1284914
08.10.2011;16:45;1214494
08.10.2011;17:00;1231836
08.10.2011;17:15;1267295
08.10.2011;17:30;1314030
08.10.2011;17:45;1301569
08.10.2011;18:00;1312666
08.10.2011;18:15;1339585
08.10.2011;18:30;1341349
08.10.2011;18:45;1398138
08.10.2011;19:00;1362566
08.10.2011;19:15;1371521
08.10.2011;19:30;1361948
08.10.2011;19:45;1293832
08.10.2011;20:00;1310171
08.10.2011;20:15;1332475
08.10.2011;20:30;1294420
08.10.2011;20:45;1223822
08.10.2011;21:00;1224653
08.10.2011;21:15;1223161
08.10.2011;21:30;1196691
08.10.2011;21:45;1114367
08.10.2011;22:00;1180232
08.10.2011;22:15;1149229
08.10.2011;22:30;1177003
08.10.2011;22:45;1118387
08.10.2011;23:00;1119052
08.10.2011;23:15;1099345
08.10.2011;23:30;1073942
08.10.2011;23:45;1040911
09.10.2011;00:00;1010511
09.10.2011;00:15;1011392
09.10.2011;00:30;978693
09.10.2011;00:45;984221
09.10.2011;01:00;941908
09.10.2011;01:15;965614
09.10.2011;01:30;958145
09.10.2011;01:45;958648
09.10.2011;02:00;927131
09.10.2011;02:15;942587
09.10.2011;02:30;933838
09.10.2011;02:45;923395
09.10.2011;03:00;940066
09.10.2011;03:15;948745
09.10.2011;03:30;956966
09.10.2011;03:45;912699
09.10.2011;04:00;975731
09.10.2011;04:15;938507
09.10.2011;04:30;919155
09.10.2011;04:45;896882
09.10.2011;05:00;951424
09.10.2011;05:15;958701
09.10.2011;05:30;926028
09.10.2011;05:45;908789
09.10.2011;06:00;901468
09.10.2011;06:15;942016
09.10.2011;06:30;990468
09.10.2011;06:45;977751
09.10.2011;07:00;907878
09.10.2011;07:15;1011923
09.10.2011;07:30;1025305
09.10.2011;07:45;1038283
09.10.2011;08:00;992065
09.10.2011;08:15;1099499
09.10.2011;08:30;1116068
09.10.2011;08:45;1092332
09.10.2011;09:00;999844
09.10.2011;09:15;1084762
09.10.2011;09:30;1099346
09.10.2011;09:45;1112517
09.10.2011;10:00;1079731
09.10.2011;10:15;1161159
09.10.2011;10:30;1141998
09.10.2011;10:45;1115827
09.10.2011;11:00;1138582
09.10.2011;11:15;1229697
09.10.2011;11:30;1214511
09.10.2011;11:45;1179478
09.10.2011;12:00;1196229
09.10.2011;12:15;1190035
09.10.2011;12:30;1191023
09.10.2011;12:45;1076092
09.10.2011;13:00;1103357
09.10.2011;13:15;1155984
09.10.2011;13:30;1153043
09.10.2011;13:45;1099201
09.10.2011;14:00;1104220
09.10.2011;14:15;1067800
09.10.2011;14:30;1020964
09.10.2011;14:45;975744
09.10.2011;15:00;958104
09.10.2011;15:15;1027438
09.10.2011;15:30;1036152
09.10.2011;15:45;940930
09.10.2011;16:00;942634
09.10.2011;16:15;1011545
09.10.2011;16:30;1040455
09.10.2011;16:45;1019350
09.10.2011;17:00;1024659
09.10.2011;17:15;1103461
09.10.2011;17:30;1157212
09.10.2011;17:45;1172413
09.10.2011;18:00;1109668
09.10.2011;18:15;1188013
09.10.2011;18:30;1237956
09.10.2011;18:45;1265612
09.10.2011;19:00;1281283
09.10.2011;19:15;1312139
09.10.2011;19:30;1304723
09.10.2011;19:45;1308575
09.10.2011;20:00;1286183
09.10.2011;20:15;1310588
09.10.2011;20:30;1276103
09.10.2011;20:45;1256329
09.10.2011;21:00;1214320
09.10.2011;21:15;1238400
09.10.2011;21:30;1260348
09.10.2011;21:45;1211895
09.10.2011;22:00;1219386
09.10.2011;22:15;1235370
09.10.2011;22:30;1227198
09.10.2011;22:45;1206686
09.10.2011;23:00;1142114
09.10.2011;23:15;1155524
09.10.2011;23:30;1133459
09.10.2011;23:45;1124961
10.10.2011;00:00;1058453
10.10.2011;00:15;1053567
10.10.2011;00:30;1082755
10.10.2011;00:45;1060000
10.10.2011;01:00;1021193
10.10.2011;01:15;978919
10.10.2011;01:30;1011456
10.10.2011;01:45;1028676
10.10.2011;02:00;1019148
10.10.2011;02:15;998213
10.10.2011;02:30;999258
10.10.2011;02:45;1003958
10.10.2011;03:00;1052101
10.10.2011;03:15;1023257
10.10.2011;03:30;1045547
10.10.2011;03:45;1021735
10.10.2011;04:00;1050661
10.10.2011;04:15;1103696
10.10.2011;04:30;1076221
10.10.2011;04:45;1071044
10.10.2011;05:00;1125708
10.10.2011;05:15;1149669
10.10.2011;05:30;1186639
10.10.2011;05:45;1257851
10.10.2011;06:00;1338584
10.10.2011;06:15;1384661
10.10.2011;06:30;1412126
10.10.2011;06:45;1513148
10.10.2011;07:00;1555323
10.10.2011;07:15;1628740
10.10.2011;07:30;1603127
10.10.2011;07:45;1633910
10.10.2011;08:00;1619670
10.10.2011;08:15;1650647
10.10.2011;08:30;1683900
10.10.2011;08:45;1640932
10.10.2011;09:00;1649644
10.10.2011;09:15;1651398
10.10.2011;09:30;1646941
10.10.2011;09:45;1643853
10.10.2011;10:00;1727472
10.10.2011;10:15;1725155
10.10.2011;10:30;1670850
10.10.2011;10:45;1661105
10.10.2011;11:00;1690791
10.10.2011;11:15;1742467
10.10.2011;11:30;1731158
10.10.2011;11:45;1739961
10.10.2011;12:00;1693534
10.10.2011;12:15;1650357
10.10.2011;12:30;1639647
10.10.2011;12:45;1656267
10.10.2011;13:00;1638821
10.10.2011;13:15;1596421
10.10.2011;13:30;1602969
10.10.2011;13:45;1623534
10.10.2011;14:00;1611224
10.10.2011;14:15;1627045
10.10.2011;14:30;1563636
10.10.2011;14:45;1619621
10.10.2011;15:00;1626871
10.10.2011;15:15;1613600
10.10.2011;15:30;1603086
10.10.2011;15:45;1595580
10.10.2011;16:00;1578526
10.10.2011;16:15;1534530
10.10.2011;16:30;1525003
10.10.2011;16:45;1547325
10.10.2011;17:00;1535604
10.10.2011;17:15;1519406
10.10.2011;17:30;1557978
10.10.2011;17:45;1577467
10.10.2011;18:00;1512901
10.10.2011;18:15;1572758
10.10.2011;18:30;1629524
10.10.2011;18:45;1653194
10.10.2011;19:00;1649078
10.10.2011;19:15;1656785
10.10.2011;19:30;1668674
10.10.2011;19:45;1641733
10.10.2011;20:00;1591227
10.10.2011;20:15;1564080
10.10.2011;20:30;1550431
10.10.2011;20:45;1531526
10.10.2011;21:00;1455392
10.10.2011;21:15;1447620
10.10.2011;21:30;1445660
10.10.2011;21:45;1426904
10.10.2011;22:00;1404071
10.10.2011;22:15;1413563
10.10.2011;22:30;1395403
10.10.2011;22:45;1371736
10.10.2011;23:00;1335576
10.10.2011;23:15;1282716
10.10.2011;23:30;1222317
10.10.2011;23:45;1243316
11.10.2011;00:00;1235716
11.10.2011;00:15;1192566
11.10.2011;00:30;1142712
11.10.2011;00:45;1153098
11.10.2011;01:00;1149412
11.10.2011;01:15;1110591
11.10.2011;01:30;1106093
11.10.2011;01:45;1139187
11.10.2011;02:00;1146333
11.10.2011;02:15;1111538
11.10.2011;02:30;1088028
11.10.2011;02:45;1129557
11.10.2011;03:00;1144766
11.10.2011;03:15;1135519
11.10.2011;03:30;1124387
11.10.2011;03:45;1153132
11.10.2011;04:00;1141181
11.10.2011;04:15;1132040
11.10.2011;04:30;1108348
11.10.2011;04:45;1161354
11.10.2011;05:00;1198088
11.10.2011;05:15;1245018
11.10.2011;05:30;1267731
11.10.2011;05:45;1220707
11.10.2011;06:00;1358683
11.10.2011;06:15;1444731
11.10.2011;06:30;1508687
11.10.2011;06:45;1524017
11.10.2011;07:00;1572928
11.10.2011;07:15;1557365
11.10.2011;07:30;1586678
11.10.2011;07:45;1585313
11.10.2011;08:00;1602109
11.10.2011;08:15;1608748
11.10.2011;08:30;1539175
11.10.2011;08:45;1541948
11.10.2011;09:00;1492989
11.10.2011;09:15;1535963
11.10.2011;09:30;1533410
11.10.2011;09:45;1552706
11.10.2011;10:00;1542313
11.10.2011;10:15;1588607
11.10.2011;10:30;1586957
11.10.2011;10:45;1563600
11.10.2011;11:00;1505032
11.10.2011;11:15;1539563
11.10.2011;11:30;1579903
11.10.2011;11:45;1566164
11.10.2011;12:00;1510101
11.10.2011;12:15;1509124
11.10.2011;12:30;1466717
11.10.2011;12:45;1457526
11.10.2011;13:00;1483044
11.10.2011;13:15;1480954
11.10.2011;13:30;1484408
11.10.2011;13:45;1459852
11.10.2011;14:00;1452885
11.10.2011;14:15;1455326
11.10.2011;14:30;1471769
11.10.2011;14:45;1453735
11.10.2011;15:00;1483123
11.10.2011;15:15;1458479
11.10.2011;15:30;1444647
11.10.2011;15:45;1444838
11.10.2011;16:00;1476640
11.10.2011;16:15;1488415
11.10.2011;16:30;1491097
11.10.2011;16:45;1451741
11.10.2011;17:00;1499833
11.10.2011;17:15;1515438
11.10.2011;17:30;1530594
11.10.2011;17:45;1511769
11.10.2011;18:00;1510752
11.10.2011;18:15;1548600
11.10.2011;18:30;1594760
11.10.2011;18:45;1628044
11.10.2011;19:00;1629301
11.10.2011;19:15;1648915
11.10.2011;19:30;1640612
11.10.2011;19:45;1618132
11.10.2011;20:00;1618151
11.10.2011;20:15;1592686
11.10.2011;20:30;1547762
11.10.2011;20:45;1532075
11.10.2011;21:00;1526362
11.10.2011;21:15;1485618
11.10.2011;21:30;1417838
11.10.2011;21:45;1414821
11.10.2011;22:00;1449106
11.10.2011;22:15;1440251
11.10.2011;22:30;1388036
11.10.2011;22:45;1324159
11.10.2011;23:00;1314852
11.10.2011;23:15;1276113
11.10.2011;23:30;1235634
11.10.2011;23:45;1187293
12.10.2011;00:00;1199385
12.10.2011;00:15;1188896
12.10.2011;00:30;1181505
12.10.2011;00:45;1131625
12.10.2011;01:00;1133708
12.10.2011;01:15;1170073
12.10.2011;01:30;1167461
12.10.2011;01:45;1144720
12.10.2011;02:00;1088182
12.10.2011;02:15;1115944
12.10.2011;02:30;1123328
12.10.2011;02:45;1143064
12.10.2011;03:00;1087506
12.10.2011;03:15;1145579
12.10.2011;03:30;1159168
12.10.2011;03:45;1157134
12.10.2011;04:00;1143751
12.10.2011;04:15;1156446
12.10.2011;04:30;1183974
12.10.2011;04:45;1189729
12.10.2011;05:00;1205440
12.10.2011;05:15;1220604
12.10.2011;05:30;1269924
12.10.2011;05:45;1315841
12.10.2011;06:00;1345019
12.10.2011;06:15;1451917
12.10.2011;06:30;1506734
12.10.2011;06:45;1526081
12.10.2011;07:00;1574872
12.10.2011;07:15;1618707
12.10.2011;07:30;1660488
12.10.2011;07:45;1676228
12.10.2011;08:00;1646724
12.10.2011;08:15;1635347
12.10.2011;08:30;1652205
12.10.2011;08:45;1637001
12.10.2011;09:00;1579977
12.10.2011;09:15;1525172
12.10.2011;09:30;1559880
12.10.2011;09:45;1576393
12.10.2011;10:00;1550172
12.10.2011;10:15;1558951
12.10.2011;10:30;1573756
12.10.2011;10:45;1595839
12.10.2011;11:00;1560169
12.10.2011;11:15;1559346
12.10.2011;11:30;1591486
12.10.2011;11:45;1603136
12.10.2011;12:00;1519164
12.10.2011;12:15;1541124
12.10.2011;12:30;1572969
12.10.2011;12:45;1535809
12.10.2011;13:00;1545984
12.10.2011;13:15;1591370
12.10.2011;13:30;1568119
12.10.2011;13:45;1510254
12.10.2011;14:00;1471045
12.10.2011;14:15;1518706
12.10.2011;14:30;1556619
12.10.2011;14:45;1564150
12.10.2011;15:00;1564204
12.10.2011;15:15;1507136
12.10.2011;15:30;1550628
12.10.2011;15:45;1568352
12.10.2011;16:00;1565497
12.10.2011;16:15;1560218
12.10.2011;16:30;1561863
12.10.2011;16:45;1573768
12.10.2011;17:00;1596907
12.10.2011;17:15;1590039
12.10.2011;17:30;1596889
12.10.2011;17:45;1641673
12.10.2011;18:00;1614940
12.10.2011;18:15;1613695
12.10.2011;18:30;1683696
12.10.2011;18:45;1692176
12.10.2011;19:00;1710976
12.10.2011;19:15;1674668
12.10.2011;19:30;1664806
12.10.2011;19:45;1659934
12.10.2011;20:00;1635063
12.10.2011;20:15;1627853
12.10.2011;20:30;1587586
12.10.2011;20:45;1536787
12.10.2011;21:00;1473527
12.10.2011;21:15;1487980
12.10.2011;21:30;1465651
12.10.2011;21:45;1407591
12.10.2011;22:00;1400382
12.10.2011;22:15;1416203
12.10.2011;22:30;1375883
12.10.2011;22:45;1340791
12.10.2011;23:00;1351652
12.10.2011;23:15;1311987
12.10.2011;23:30;1258769
12.10.2011;23:45;1198416
13.10.2011;00:00;1219224
13.10.2011;00:15;1194452
13.10.2011;00:30;1202703
13.10.2011;00:45;1136240
13.10.2011;01:00;1124439
13.10.2011;01:15;1180284
13.10.2011;01:30;1172828
13.10.2011;01:45;1138112
13.10.2011;02:00;1117759
13.10.2011;02:15;1128191
13.10.2011;02:30;1115371
13.10.2011;02:45;1139477
13.10.2011;03:00;1108400
13.10.2011;03:15;1116365
13.10.2011;03:30;1133095
13.10.2011;03:45;1158436
13.10.2011;04:00;1131066
13.10.2011;04:15;1170735
13.10.2011;04:30;1165212
13.10.2011;04:45;1217925
13.10.2011;05:00;1238112
13.10.2011;05:15;1228257
13.10.2011;05:30;1288938
13.10.2011;05:45;1290352
13.10.2011;06:00;1329124
13.10.2011;06:15;1404808
13.10.2011;06:30;1485587
13.10.2011;06:45;1533057
13.10.2011;07:00;1586976
13.10.2011;07:15;1611054
13.10.2011;07:30;1604437
13.10.2011;07:45;1631899
13.10.2011;08:00;1638763
13.10.2011;08:15;1645066
13.10.2011;08:30;1629358
13.10.2011;08:45;1581326
13.10.2011;09:00;1628347
13.10.2011;09:15;1609277
13.10.2011;09:30;1616595
13.10.2011;09:45;1613799
13.10.2011;10:00;1579992
13.10.2011;10:15;1618441
13.10.2011;10:30;1640972
13.10.2011;10:45;1640831
13.10.2011;11:00;1651723
13.10.2011;11:15;1646723
13.10.2011;11:30;1639733
13.10.2011;11:45;1676745
13.10.2011;12:00;1628282
13.10.2011;12:15;1607272
13.10.2011;12:30;1578531
13.10.2011;12:45;1538126
13.10.2011;13:00;1587759
13.10.2011;13:15;1567251
13.10.2011;13:30;1608629
13.10.2011;13:45;1567442
13.10.2011;14:00;1546386
13.10.2011;14:15;1546775
13.10.2011;14:30;1588011
13.10.2011;14:45;1567635
13.10.2011;15:00;1604751
13.10.2011;15:15;1610190
13.10.2011;15:30;1522347
13.10.2011;15:45;1536561
13.10.2011;16:00;1563146
13.10.2011;16:15;1594146
13.10.2011;16:30;1550542
13.10.2011;16:45;1543912
13.10.2011;17:00;1551988
13.10.2011;17:15;1580381
13.10.2011;17:30;1599967
13.10.2011;17:45;1540850
13.10.2011;18:00;1584502
13.10.2011;18:15;1584192
13.10.2011;18:30;1618428
13.10.2011;18:45;1623749
13.10.2011;19:00;1608268
13.10.2011;19:15;1634533
13.10.2011;19:30;1600886
13.10.2011;19:45;1607841
13.10.2011;20:00;1600471
13.10.2011;20:15;1576526
13.10.2011;20:30;1527490
13.10.2011;20:45;1478631
13.10.2011;21:00;1452336
13.10.2011;21:15;1440005
13.10.2011;21:30;1414292
13.10.2011;21:45;1438906
13.10.2011;22:00;1445483
13.10.2011;22:15;1433911
13.10.2011;22:30;1373126
13.10.2011;22:45;1308184
13.10.2011;23:00;1345438
13.10.2011;23:15;1306639
13.10.2011;23:30;1273681
13.10.2011;23:45;1176395
14.10.2011;00:00;1241590
14.10.2011;00:15;1235640
14.10.2011;00:30;1200343
14.10.2011;00:45;1192261
14.10.2011;01:00;1147807
14.10.2011;01:15;1165633
14.10.2011;01:30;1180857
14.10.2011;01:45;1143614
14.10.2011;02:00;1183360
14.10.2011;02:15;1094648
14.10.2011;02:30;1170870
14.10.2011;02:45;1188881
14.10.2011;03:00;1180284
14.10.2011;03:15;1161150
14.10.2011;03:30;1186582
14.10.2011;03:45;1213607
14.10.2011;04:00;1215673
14.10.2011;04:15;1189449
14.10.2011;04:30;1221692
14.10.2011;04:45;1226273
14.10.2011;05:00;1218868
14.10.2011;05:15;1271202
14.10.2011;05:30;1280986
14.10.2011;05:45;1329060
14.10.2011;06:00;1344895
14.10.2011;06:15;1433670
14.10.2011;06:30;1525890
14.10.2011;06:45;1527708
14.10.2011;07:00;1569020
14.10.2011;07:15;1638756
14.10.2011;07:30;1645689
14.10.2011;07:45;1637206
14.10.2011;08:00;1643454
14.10.2011;08:15;1634469
14.10.2011;08:30;1656195
14.10.2011;08:45;1624568
14.10.2011;09:00;1576475
14.10.2011;09:15;1580244
14.10.2011;09:30;1565447
14.10.2011;09:45;1554849
14.10.2011;10:00;1547423
14.10.2011;10:15;1567334
14.10.2011;10:30;1566842
14.10.2011;10:45;1569913
14.10.2011;11:00;1524982
14.10.2011;11:15;1501333
14.10.2011;11:30;1538351
14.10.2011;11:45;1560449
14.10.2011;12:00;1500198
14.10.2011;12:15;1479586
14.10.2011;12:30;1489762
14.10.2011;12:45;1465533
14.10.2011;13:00;1449002
14.10.2011;13:15;1415342
14.10.2011;13:30;1411682
14.10.2011;13:45;1428207
14.10.2011;14:00;1371575
14.10.2011;14:15;1382213
14.10.2011;14:30;1396631
14.10.2011;14:45;1390480
14.10.2011;15:00;1335662
14.10.2011;15:15;1359113
14.10.2011;15:30;1390146
14.10.2011;15:45;1366605
14.10.2011;16:00;1362832
14.10.2011;16:15;1364871
14.10.2011;16:30;1393115
14.10.2011;16:45;1411001
14.10.2011;17:00;1391891
14.10.2011;17:15;1427514
14.10.2011;17:30;1476595
14.10.2011;17:45;1459418
14.10.2011;18:00;1429207
14.10.2011;18:15;1499591
14.10.2011;18:30;1510865
14.10.2011;18:45;1590115
14.10.2011;19:00;1587242
14.10.2011;19:15;1601673
14.10.2011;19:30;1552550
14.10.2011;19:45;1552805
14.10.2011;20:00;1544822
14.10.2011;20:15;1485727
14.10.2011;20:30;1473959
14.10.2011;20:45;1442472
14.10.2011;21:00;1412254
14.10.2011;21:15;1415817
14.10.2011;21:30;1370085
14.10.2011;21:45;1332049
14.10.2011;22:00;1341250
14.10.2011;22:15;1365530
14.10.2011;22:30;1362561
14.10.2011;22:45;1313183
14.10.2011;23:00;1299527
14.10.2011;23:15;1258640
14.10.2011;23:30;1229617
14.10.2011;23:45;1203933
15.10.2011;00:00;1203317
15.10.2011;00:15;1225453
15.10.2011;00:30;1115770
15.10.2011;00:45;1149772
15.10.2011;01:00;1134297
15.10.2011;01:15;1119705
15.10.2011;01:30;1092902
15.10.2011;01:45;1095141
15.10.2011;02:00;1086597
15.10.2011;02:15;1084017
15.10.2011;02:30;1068494
15.10.2011;02:45;1086271
15.10.2011;03:00;1128972
15.10.2011;03:15;1108252
15.10.2011;03:30;1125066
15.10.2011;03:45;1110087
15.10.2011;04:00;1121491
15.10.2011;04:15;1124928
15.10.2011;04:30;1127793
15.10.2011;04:45;1112404
15.10.2011;05:00;1116718
15.10.2011;05:15;1116500
15.10.2011;05:30;1130218
15.10.2011;05:45;1144504
15.10.2011;06:00;1107080
15.10.2011;06:15;1134327
15.10.2011;06:30;1177496
15.10.2011;06:45;1210894
15.10.2011;07:00;1166118
15.10.2011;07:15;1213002
15.10.2011;07:30;1272208
15.10.2011;07:45;1260560
15.10.2011;08:00;1290090
15.10.2011;08:15;1249090
15.10.2011;08:30;1318247
15.10.2011;08:45;1316617
15.10.2011;09:00;1318486
15.10.2011;09:15;1267861
15.10.2011;09:30;1299598
15.10.2011;09:45;1340124
15.10.2011;10:00;1343731
15.10.2011;10:15;1297289
15.10.2011;10:30;1330345
15.10.2011;10:45;1394630
15.10.2011;11:00;1388953
15.10.2011;11:15;1384234
15.10.2011;11:30;1375490
15.10.2011;11:45;1353512
15.10.2011;12:00;1286188
15.10.2011;12:15;1258213
15.10.2011;12:30;1219187
15.10.2011;12:45;1216314
15.10.2011;13:00;1165454
15.10.2011;13:15;1155549
15.10.2011;13:30;1151180
15.10.2011;13:45;1135145
15.10.2011;14:00;1106831
15.10.2011;14:15;1085158
15.10.2011;14:30;1089945
15.10.2011;14:45;1091001
15.10.2011;15:00;1096118
15.10.2011;15:15;1074702
15.10.2011;15:30;1131322
15.10.2011;15:45;1086382
15.10.2011;16:00;1093464
15.10.2011;16:15;1115976
15.10.2011;16:30;1093610
15.10.2011;16:45;1111842
15.10.2011;17:00;1140907
15.10.2011;17:15;1175309
15.10.2011;17:30;1179232
15.10.2011;17:45;1259606
15.10.2011;18:00;1287103
15.10.2011;18:15;1313352
15.10.2011;18:30;1288638
15.10.2011;18:45;1358728
15.10.2011;19:00;1409036
15.10.2011;19:15;1399869
15.10.2011;19:30;1371806
15.10.2011;19:45;1305866
15.10.2011;20:00;1351546
15.10.2011;20:15;1344729
15.10.2011;20:30;1276387
15.10.2011;20:45;1227344
15.10.2011;21:00;1201292
15.10.2011;21:15;1213959
15.10.2011;21:30;1227076
15.10.2011;21:45;1162474
15.10.2011;22:00;1212147
15.10.2011;22:15;1219590
15.10.2011;22:30;1234752
15.10.2011;22:45;1164978
15.10.2011;23:00;1174602
15.10.2011;23:15;1170120
15.10.2011;23:30;1127997
15.10.2011;23:45;1086409
16.10.2011;00:00;1060355
16.10.2011;00:15;1048914
16.10.2011;00:30;1024026
16.10.2011;00:45;1006111
16.10.2011;01:00;986535
16.10.2011;01:15;990420
16.10.2011;01:30;995565
16.10.2011;01:45;981726
16.10.2011;02:00;981863
16.10.2011;02:15;970666
16.10.2011;02:30;934339
16.10.2011;02:45;986863
16.10.2011;03:00;1007508
16.10.2011;03:15;1011378
16.10.2011;03:30;973195
16.10.2011;03:45;1011982
16.10.2011;04:00;1032130
16.10.2011;04:15;1039245
16.10.2011;04:30;987977
16.10.2011;04:45;981209
16.10.2011;05:00;1011567
16.10.2011;05:15;978630
16.10.2011;05:30;957635
16.10.2011;05:45;966381
16.10.2011;06:00;974109
16.10.2011;06:15;961408
16.10.2011;06:30;1006429
16.10.2011;06:45;1007350
16.10.2011;07:00;994269
16.10.2011;07:15;990286
16.10.2011;07:30;999349
16.10.2011;07:45;1033895
16.10.2011;08:00;1028460
16.10.2011;08:15;1015243
16.10.2011;08:30;1088577
16.10.2011;08:45;1055182
16.10.2011;09:00;1053614
16.10.2011;09:15;1018644
16.10.2011;09:30;1031117
16.10.2011;09:45;1043888
16.10.2011;10:00;1073327
16.10.2011;10:15;1047403
16.10.2011;10:30;1095518
16.10.2011;10:45;1099840
16.10.2011;11:00;1142253
16.10.2011;11:15;1158772
16.10.2011;11:30;1112242
16.10.2011;11:45;1088808
16.10.2011;12:00;1118259
16.10.2011;12:15;1095357
16.10.2011;12:30;1054934
16.10.2011;12:45;1005202
16.10.2011;13:00;1020399
16.10.2011;13:15;1000107
16.10.2011;13:30;983494
16.10.2011;13:45;919224
16.10.2011;14:00;934003
16.10.2011;14:15;916858
16.10.2011;14:30;963946
16.10.2011;14:45;940234
16.10.2011;15:00;898098
16.10.2011;15:15;929208
16.10.2011;15:30;936532
16.10.2011;15:45;933025
16.10.2011;16:00;957301
16.10.2011;16:15;928592
16.10.2011;16:30;956858
16.10.2011;16:45;992367
16.10.2011;17:00;1015487
16.10.2011;17:15;1042679
16.10.2011;17:30;1058455
16.10.2011;17:45;1115452
16.10.2011;18:00;1164918
16.10.2011;18:15;1207374
16.10.2011;18:30;1210769
16.10.2011;18:45;1270816
16.10.2011;19:00;1314043
16.10.2011;19:15;1292849
16.10.2011;19:30;1291342
16.10.2011;19:45;1259202
16.10.2011;20:00;1258654
16.10.2011;20:15;1289611
16.10.2011;20:30;1273372
16.10.2011;20:45;1231594
16.10.2011;21:00;1189041
16.10.2011;21:15;1224629
16.10.2011;21:30;1239822
16.10.2011;21:45;1227879
16.10.2011;22:00;1227798
16.10.2011;22:15;1275208
16.10.2011;22:30;1250128
16.10.2011;22:45;1229824
16.10.2011;23:00;1160611
16.10.2011;23:15;1189073
16.10.2011;23:30;1182892
16.10.2011;23:45;1151862
17.10.2011;00:00;1086088
17.10.2011;00:15;1031618
17.10.2011;00:30;1052829
17.10.2011;00:45;1065618
17.10.2011;01:00;1079564
17.10.2011;01:15;1045656
17.10.2011;01:30;992542
17.10.2011;01:45;1048350
17.10.2011;02:00;1059603
17.10.2011;02:15;1044028
17.10.2011;02:30;1047716
17.10.2011;02:45;1033589
17.10.2011;03:00;1077613
17.10.2011;03:15;1054863
17.10.2011;03:30;1097470
17.10.2011;03:45;1097965
17.10.2011;04:00;1090056
17.10.2011;04:15;1138657
17.10.2011;04:30;1177134
17.10.2011;04:45;1178738
17.10.2011;05:00;1158544
17.10.2011;05:15;1182809
17.10.2011;05:30;1264149
17.10.2011;05:45;1286663
17.10.2011;06:00;1321272
17.10.2011;06:15;1390563
17.10.2011;06:30;1492401
17.10.2011;06:45;1534520
17.10.2011;07:00;1551640
17.10.2011;07:15;1635026
17.10.2011;07:30;1681667
17.10.2011;07:45;1629760
17.10.2011;08:00;1603347
17.10.2011;08:15;1640575
17.10.2011;08:30;1655653
17.10.2011;08:45;1657513
17.10.2011;09:00;1625765
17.10.2011;09:15;1599476
17.10.2011;09:30;1569725
17.10.2011;09:45;1549110
17.10.2011;10:00;1569735
17.10.2011;10:15;1594423
17.10.2011;10:30;1610554
17.10.2011;10:45;1567182
17.10.2011;11:00;1609803
17.10.2011;11:15;1590941
17.10.2011;11:30;1633758
17.10.2011;11:45;1645414
17.10.2011;12:00;1557134
17.10.2011;12:15;1553621
17.10.2011;12:30;1559593
17.10.2011;12:45;1532394
17.10.2011;13:00;1537643
17.10.2011;13:15;1479928
17.10.2011;13:30;1540980
17.10.2011;13:45;1479437
17.10.2011;14:00;1510159
17.10.2011;14:15;1493736
17.10.2011;14:30;1494685
17.10.2011;14:45;1467736
17.10.2011;15:00;1468458
17.10.2011;15:15;1465973
17.10.2011;15:30;1442049
17.10.2011;15:45;1460832
17.10.2011;16:00;1420213
17.10.2011;16:15;1452102
17.10.2011;16:30;1459887
17.10.2011;16:45;1488964
17.10.2011;17:00;1503811
17.10.2011;17:15;1524607
17.10.2011;17:30;1536072
17.10.2011;17:45;1542488
17.10.2011;18:00;1585174
17.10.2011;18:15;1595880
17.10.2011;18:30;1612430
17.10.2011;18:45;1655360
17.10.2011;19:00;1712690
17.10.2011;19:15;1693511
17.10.2011;19:30;1632588
17.10.2011;19:45;1608548
17.10.2011;20:00;1649423
17.10.2011;20:15;1632670
17.10.2011;20:30;1569521
17.10.2011;20:45;1514540
17.10.2011;21:00;1545998
17.10.2011;21:15;1498610
17.10.2011;21:30;1490041
17.10.2011;21:45;1441486
17.10.2011;22:00;1491539
17.10.2011;22:15;1465136
17.10.2011;22:30;1444630
17.10.2011;22:45;1385397
17.10.2011;23:00;1375136
17.10.2011;23:15;1362520
17.10.2011;23:30;1350398
17.10.2011;23:45;1265759
18.10.2011;00:00;1276124
18.10.2011;00:15;1276908
18.10.2011;00:30;1273911
18.10.2011;00:45;1214188
18.10.2011;01:00;1214090
18.10.2011;01:15;1215880
18.10.2011;01:30;1189545
18.10.2011;01:45;1123447
18.10.2011;02:00;1150231
18.10.2011;02:15;1126861
18.10.2011;02:30;1154347
18.10.2011;02:45;1147978
18.10.2011;03:00;1115704
18.10.2011;03:15;1110301
18.10.2011;03:30;1152970
18.10.2011;03:45;1151818
18.10.2011;04:00;1177057
18.10.2011;04:15;1168450
18.10.2011;04:30;1178466
18.10.2011;04:45;1195326
18.10.2011;05:00;1258677
18.10.2011;05:15;1285847
18.10.2011;05:30;1311375
18.10.2011;05:45;1284094
18.10.2011;06:00;1364154
18.10.2011;06:15;1430611
18.10.2011;06:30;1440293
18.10.2011;06:45;1496183
18.10.2011;07:00;1528954
18.10.2011;07:15;1541527
18.10.2011;07:30;1545544
18.10.2011;07:45;1575360
18.10.2011;08:00;1611141
18.10.2011;08:15;1570888
18.10.2011;08:30;1519252
18.10.2011;08:45;1563423
18.10.2011;09:00;1489620
18.10.2011;09:15;1511277
18.10.2011;09:30;1529238
18.10.2011;09:45;1502406
18.10.2011;10:00;1514079
18.10.2011;10:15;1527938
18.10.2011;10:30;1513582
18.10.2011;10:45;1466950
18.10.2011;11:00;1487850
18.10.2011;11:15;1498974
18.10.2011;11:30;1496886
18.10.2011;11:45;1456655
18.10.2011;12:00;1451570
18.10.2011;12:15;1436288
18.10.2011;12:30;1441738
18.10.2011;12:45;1413546
18.10.2011;13:00;1429947
18.10.2011;13:15;1445996
18.10.2011;13:30;1428872
18.10.2011;13:45;1387437
18.10.2011;14:00;1434393
18.10.2011;14:15;1406468
18.10.2011;14:30;1432134
18.10.2011;14:45;1381903
18.10.2011;15:00;1436076
18.10.2011;15:15;1474278
18.10.2011;15:30;1452864
18.10.2011;15:45;1475776
18.10.2011;16:00;1477542
18.10.2011;16:15;1476795
18.10.2011;16:30;1488561
18.10.2011;16:45;1508792
18.10.2011;17:00;1518527
18.10.2011;17:15;1522659
18.10.2011;17:30;1538564
18.10.2011;17:45;1568998
18.10.2011;18:00;1563515
18.10.2011;18:15;1576389
18.10.2011;18:30;1603570
18.10.2011;18:45;1692207
18.10.2011;19:00;1688237
18.10.2011;19:15;1703747
18.10.2011;19:30;1647870
18.10.2011;19:45;1661592
18.10.2011;20:00;1645294
18.10.2011;20:15;1583144
18.10.2011;20:30;1579426
18.10.2011;20:45;1572099
18.10.2011;21:00;1557222
18.10.2011;21:15;1483929
18.10.2011;21:30;1536473
18.10.2011;21:45;1479541
18.10.2011;22:00;1504663
18.10.2011;22:15;1474932
18.10.2011;22:30;1394012
18.10.2011;22:45;1431150
18.10.2011;23:00;1374713
18.10.2011;23:15;1355995
18.10.2011;23:30;1310748
18.10.2011;23:45;1268388
19.10.2011;00:00;1287871
19.10.2011;00:15;1202933
19.10.2011;00:30;1219823
19.10.2011;00:45;1226294
19.10.2011;01:00;1170056
19.10.2011;01:15;1164107
19.10.2011;01:30;1188519
19.10.2011;01:45;1160428
19.10.2011;02:00;1103859
19.10.2011;02:15;1097034
19.10.2011;02:30;1139959
19.10.2011;02:45;1172517
19.10.2011;03:00;1141145
19.10.2011;03:15;1174896
19.10.2011;03:30;1148665
19.10.2011;03:45;1203959
19.10.2011;04:00;1186260
19.10.2011;04:15;1220600
19.10.2011;04:30;1224252
19.10.2011;04:45;1197121
19.10.2011;05:00;1241601
19.10.2011;05:15;1299799
19.10.2011;05:30;1322024
19.10.2011;05:45;1341760
19.10.2011;06:00;1327519
19.10.2011;06:15;1434459
19.10.2011;06:30;1508767
19.10.2011;06:45;1522167
19.10.2011;07:00;1560027
19.10.2011;07:15;1598519
19.10.2011;07:30;1628185
19.10.2011;07:45;1622576
19.10.2011;08:00;1605788
19.10.2011;08:15;1590005
19.10.2011;08:30;1601730
19.10.2011;08:45;1592211
19.10.2011;09:00;1575727
19.10.2011;09:15;1596385
19.10.2011;09:30;1591846
19.10.2011;09:45;1559862
19.10.2011;10:00;1594185
19.10.2011;10:15;1599294
19.10.2011;10:30;1604980
19.10.2011;10:45;1573588
19.10.2011;11:00;1607507
19.10.2011;11:15;1606999
19.10.2011;11:30;1655039
19.10.2011;11:45;1670610
19.10.2011;12:00;1610433
19.10.2011;12:15;1567532
19.10.2011;12:30;1618613
19.10.2011;12:45;1619756
19.10.2011;13:00;1645727
19.10.2011;13:15;1609602
19.10.2011;13:30;1640184
19.10.2011;13:45;1634148
19.10.2011;14:00;1641435
19.10.2011;14:15;1610266
19.10.2011;14:30;1612017
19.10.2011;14:45;1633058
19.10.2011;15:00;1646678
19.10.2011;15:15;1604310
19.10.2011;15:30;1628401
19.10.2011;15:45;1605734
19.10.2011;16:00;1604652
19.10.2011;16:15;1602251
19.10.2011;16:30;1605986
19.10.2011;16:45;1630662
19.10.2011;17:00;1565596
19.10.2011;17:15;1615158
19.10.2011;17:30;1638239
19.10.2011;17:45;1625365
19.10.2011;18:00;1617049
19.10.2011;18:15;1640611
19.10.2011;18:30;1645794
19.10.2011;18:45;1662202
19.10.2011;19:00;1635890
19.10.2011;19:15;1655012
19.10.2011;19:30;1636326
19.10.2011;19:45;1566850
19.10.2011;20:00;1594122
19.10.2011;20:15;1584141
19.10.2011;20:30;1493009
19.10.2011;20:45;1504120
19.10.2011;21:00;1460484
19.10.2011;21:15;1461337
19.10.2011;21:30;1466946
19.10.2011;21:45;1407480
19.10.2011;22:00;1404929
19.10.2011;22:15;1430328
19.10.2011;22:30;1424881
19.10.2011;22:45;1388510
19.10.2011;23:00;1342001
19.10.2011;23:15;1315166
19.10.2011;23:30;1318659
19.10.2011;23:45;1261294
20.10.2011;00:00;1223342
20.10.2011;00:15;1215758
20.10.2011;00:30;1214988
20.10.2011;00:45;1154341
20.10.2011;01:00;1150464
20.10.2011;01:15;1201779
20.10.2011;01:30;1201977
20.10.2011;01:45;1196488
20.10.2011;02:00;1169497
20.10.2011;02:15;1198939
20.10.2011;02:30;1182439
20.10.2011;02:45;1214097
20.10.2011;03:00;1218323
20.10.2011;03:15;1242524
20.10.2011;03:30;1263326
20.10.2011;03:45;1202680
20.10.2011;04:00;1248253
20.10.2011;04:15;1258466
20.10.2011;04:30;1264360
20.10.2011;04:45;1177352
20.10.2011;05:00;1193235
20.10.2011;05:15;1264300
20.10.2011;05:30;1273704
20.10.2011;05:45;1298190
20.10.2011;06:00;1370290
20.10.2011;06:15;1418534
20.10.2011;06:30;1500513
20.10.2011;06:45;1544495
20.10.2011;07:00;1621327
20.10.2011;07:15;1632597
20.10.2011;07:30;1609945
20.10.2011;07:45;1645158
20.10.2011;08:00;1655929
20.10.2011;08:15;1658939
20.10.2011;08:30;1630013
20.10.2011;08:45;1640436
20.10.2011;09:00;1616725
20.10.2011;09:15;1615236
20.10.2011;09:30;1587318
20.10.2011;09:45;1619076
20.10.2011;10:00;1602194
20.10.2011;10:15;1620761
20.10.2011;10:30;1634226
20.10.2011;10:45;1590224
20.10.2011;11:00;1619733
20.10.2011;11:15;1608051
20.10.2011;11:30;1633814
20.10.2011;11:45;1572775
20.10.2011;12:00;1552873
20.10.2011;12:15;1569489
20.10.2011;12:30;1513869
20.10.2011;12:45;1459272
20.10.2011;13:00;1430338
20.10.2011;13:15;1534878
20.10.2011;13:30;1490328
20.10.2011;13:45;1446589
20.10.2011;14:00;1454293
20.10.2011;14:15;1541178
20.10.2011;14:30;1520179
20.10.2011;14:45;1522407
20.10.2011;15:00;1511683
20.10.2011;15:15;1510494
20.10.2011;15:30;1499995
20.10.2011;15:45;1546921
20.10.2011;16:00;1508698
20.10.2011;16:15;1520100
20.10.2011;16:30;1505578
20.10.2011;16:45;1498161
20.10.2011;17:00;1548991
20.10.2011;17:15;1552313
20.10.2011;17:30;1548065
20.10.2011;17:45;1547372
20.10.2011;18:00;1575596
20.10.2011;18:15;1593578
20.10.2011;18:30;1633578
20.10.2011;18:45;1646270
20.10.2011;19:00;1664845
20.10.2011;19:15;1629429
20.10.2011;19:30;1628224
20.10.2011;19:45;1579704
20.10.2011;20:00;1611624
20.10.2011;20:15;1591691
20.10.2011;20:30;1542098
20.10.2011;20:45;1500279
20.10.2011;21:00;1485242
20.10.2011;21:15;1460471
20.10.2011;21:30;1425076
20.10.2011;21:45;1385633
20.10.2011;22:00;1431361
20.10.2011;22:15;1413331
20.10.2011;22:30;1358118
20.10.2011;22:45;1290375
20.10.2011;23:00;1265697
20.10.2011;23:15;1251424
20.10.2011;23:30;1237665
20.10.2011;23:45;1227384
21.10.2011;00:00;1205846
21.10.2011;00:15;1203218
21.10.2011;00:30;1138217
21.10.2011;00:45;1184496
21.10.2011;01:00;1173233
21.10.2011;01:15;1160083
21.10.2011;01:30;1143258
21.10.2011;01:45;1154393
21.10.2011;02:00;1140218
21.10.2011;02:15;1126432
21.10.2011;02:30;1151295
21.10.2011;02:45;1145277
21.10.2011;03:00;1178944
21.10.2011;03:15;1164346
21.10.2011;03:30;1175791
21.10.2011;03:45;1198145
21.10.2011;04:00;1219650
21.10.2011;04:15;1203965
21.10.2011;04:30;1178925
21.10.2011;04:45;1222400
21.10.2011;05:00;1274909
21.10.2011;05:15;1307623
21.10.2011;05:30;1286794
21.10.2011;05:45;1309667
21.10.2011;06:00;1372530
21.10.2011;06:15;1448531
21.10.2011;06:30;1526440
21.10.2011;06:45;1523191
21.10.2011;07:00;1597229
21.10.2011;07:15;1646866
21.10.2011;07:30;1667555
21.10.2011;07:45;1620235
21.10.2011;08:00;1647124
21.10.2011;08:15;1664890
21.10.2011;08:30;1642118
21.10.2011;08:45;1616890
21.10.2011;09:00;1597411
21.10.2011;09:15;1613596
21.10.2011;09:30;1583896
21.10.2011;09:45;1604830
21.10.2011;10:00;1644095
21.10.2011;10:15;1638222
21.10.2011;10:30;1639155
21.10.2011;10:45;1591907
21.10.2011;11:00;1550400
21.10.2011;11:15;1570284
21.10.2011;11:30;1579428
21.10.2011;11:45;1597753
21.10.2011;12:00;1555038
21.10.2011;12:15;1530637
21.10.2011;12:30;1499507
21.10.2011;12:45;1446634
21.10.2011;13:00;1409763
21.10.2011;13:15;1440286
21.10.2011;13:30;1388742
21.10.2011;13:45;1421987
21.10.2011;14:00;1384148
21.10.2011;14:15;1319583
21.10.2011;14:30;1402931
21.10.2011;14:45;1391773
21.10.2011;15:00;1368081
21.10.2011;15:15;1387002
21.10.2011;15:30;1353927
21.10.2011;15:45;1364547
21.10.2011;16:00;1343462
21.10.2011;16:15;1387547
21.10.2011;16:30;1406223
21.10.2011;16:45;1382745
21.10.2011;17:00;1410079
21.10.2011;17:15;1418773
21.10.2011;17:30;1445888
21.10.2011;17:45;1416500
21.10.2011;18:00;1493829
21.10.2011;18:15;1533630
21.10.2011;18:30;1560879
21.10.2011;18:45;1585462
21.10.2011;19:00;1589500
21.10.2011;19:15;1585333
21.10.2011;19:30;1503278
21.10.2011;19:45;1511394
21.10.2011;20:00;1514233
21.10.2011;20:15;1497429
21.10.2011;20:30;1443028
21.10.2011;20:45;1398787
21.10.2011;21:00;1409097
21.10.2011;21:15;1396292
21.10.2011;21:30;1349648
21.10.2011;21:45;1317189
21.10.2011;22:00;1339711
21.10.2011;22:15;1336501
21.10.2011;22:30;1322130
21.10.2011;22:45;1273840
21.10.2011;23:00;1299852
21.10.2011;23:15;1268192
21.10.2011;23:30;1250528
21.10.2011;23:45;1260668
22.10.2011;00:00;1230042
22.10.2011;00:15;1187736
22.10.2011;00:30;1124173
22.10.2011;00:45;1152149
22.10.2011;01:00;1119918
22.10.2011;01:15;1113449
22.10.2011;01:30;1076467
22.10.2011;01:45;1093442
22.10.2011;02:00;1096900
22.10.2011;02:15;1084775
22.10.2011;02:30;1082238
22.10.2011;02:45;1094041
22.10.2011;03:00;1088707
22.10.2011;03:15;1060975
22.10.2011;03:30;1060229
22.10.2011;03:45;1061961
22.10.2011;04:00;1101017
22.10.2011;04:15;1074975
22.10.2011;04:30;1085138
22.10.2011;04:45;1085652
22.10.2011;05:00;1103970
22.10.2011;05:15;1091432
22.10.2011;05:30;1106310
22.10.2011;05:45;1079859
22.10.2011;06:00;1063715
22.10.2011;06:15;1049059
22.10.2011;06:30;1085774
22.10.2011;06:45;1124302
22.10.2011;07:00;1164565
22.10.2011;07:15;1172013
22.10.2011;07:30;1220371
22.10.2011;07:45;1234808
22.10.2011;08:00;1249685
22.10.2011;08:15;1239610
22.10.2011;08:30;1253387
22.10.2011;08:45;1275249
22.10.2011;09:00;1293137
22.10.2011;09:15;1299125
22.10.2011;09:30;1256878
22.10.2011;09:45;1306537
22.10.2011;10:00;1307121
22.10.2011;10:15;1287741
22.10.2011;10:30;1246864
22.10.2011;10:45;1264721
22.10.2011;11:00;1253364
22.10.2011;11:15;1277667
22.10.2011;11:30;1261504
22.10.2011;11:45;1231668
22.10.2011;12:00;1231174
22.10.2011;12:15;1232875
22.10.2011;12:30;1171316
22.10.2011;12:45;1161727
22.10.2011;13:00;1157503
22.10.2011;13:15;1140773
22.10.2011;13:30;1098597
22.10.2011;13:45;1101445
22.10.2011;14:00;1104817
22.10.2011;14:15;1096387
22.10.2011;14:30;1061759
22.10.2011;14:45;1053099
22.10.2011;15:00;1079631
22.10.2011;15:15;1092069
22.10.2011;15:30;1058046
22.10.2011;15:45;1076296
22.10.2011;16:00;1078917
22.10.2011;16:15;1108770
22.10.2011;16:30;1094978
22.10.2011;16:45;1130209
22.10.2011;17:00;1166379
22.10.2011;17:15;1173962
22.10.2011;17:30;1164246
22.10.2011;17:45;1189807
22.10.2011;18:00;1226800
22.10.2011;18:15;1271321
22.10.2011;18:30;1310539
22.10.2011;18:45;1333276
22.10.2011;19:00;1325669
22.10.2011;19:15;1307650
22.10.2011;19:30;1290632
22.10.2011;19:45;1302251
22.10.2011;20:00;1317364
22.10.2011;20:15;1311265
22.10.2011;20:30;1283494
22.10.2011;20:45;1210401
22.10.2011;21:00;1215539
22.10.2011;21:15;1221983
22.10.2011;21:30;1224383
22.10.2011;21:45;1194132
22.10.2011;22:00;1194761
22.10.2011;22:15;1206771
22.10.2011;22:30;1159189
22.10.2011;22:45;1143850
22.10.2011;23:00;1172038
22.10.2011;23:15;1168978
22.10.2011;23:30;1108385
22.10.2011;23:45;1114612
23.10.2011;00:00;1041163
23.10.2011;00:15;1022009
23.10.2011;00:30;1012539
23.10.2011;00:45;987514
23.10.2011;01:00;964433
23.10.2011;01:15;956822
23.10.2011;01:30;994181
23.10.2011;01:45;938785
23.10.2011;02:00;927936
23.10.2011;02:15;976020
23.10.2011;02:30;956775
23.10.2011;02:45;983433
23.10.2011;03:00;1005595
23.10.2011;03:15;1003327
23.10.2011;03:30;979296
23.10.2011;03:45;994875
23.10.2011;04:00;965112
23.10.2011;04:15;961368
23.10.2011;04:30;955383
23.10.2011;04:45;959814
23.10.2011;05:00;953531
23.10.2011;05:15;952000
23.10.2011;05:30;947929
23.10.2011;05:45;954134
23.10.2011;06:00;869163
23.10.2011;06:15;868577
23.10.2011;06:30;877172
23.10.2011;06:45;870882
23.10.2011;07:00;894296
23.10.2011;07:15;902648
23.10.2011;07:30;916513
23.10.2011;07:45;929702
23.10.2011;08:00;951377
23.10.2011;08:15;970494
23.10.2011;08:30;986132
23.10.2011;08:45;1003524
23.10.2011;09:00;1026576
23.10.2011;09:15;1036569
23.10.2011;09:30;1053200
23.10.2011;09:45;1068128
23.10.2011;10:00;1076467
23.10.2011;10:15;1089917
23.10.2011;10:30;1100014
23.10.2011;10:45;1115672
23.10.2011;11:00;1128053
23.10.2011;11:15;1142351
23.10.2011;11:30;1180269
23.10.2011;11:45;1136270
23.10.2011;12:00;1097264
23.10.2011;12:15;1071689
23.10.2011;12:30;1043644
23.10.2011;12:45;1026462
23.10.2011;13:00;991362
23.10.2011;13:15;972153
23.10.2011;13:30;952764
23.10.2011;13:45;937464
23.10.2011;14:00;923315
23.10.2011;14:15;924300
23.10.2011;14:30;924438
23.10.2011;14:45;916554
23.10.2011;15:00;913561
23.10.2011;15:15;915297
23.10.2011;15:30;948722
23.10.2011;15:45;948212
23.10.2011;16:00;946860
23.10.2011;16:15;953717
23.10.2011;16:30;988492
23.10.2011;16:45;1013426
23.10.2011;17:00;1028260
23.10.2011;17:15;1018850
23.10.2011;17:30;1101235
23.10.2011;17:45;1134323
23.10.2011;18:00;1176731
23.10.2011;18:15;1178686
23.10.2011;18:30;1247499
23.10.2011;18:45;1286470
23.10.2011;19:00;1299622
23.10.2011;19:15;1246191
23.10.2011;19:30;1253099
23.10.2011;19:45;1248675
23.10.2011;20:00;1266923
23.10.2011;20:15;1240810
23.10.2011;20:30;1273660
23.10.2011;20:45;1226314
23.10.2011;21:00;1194230
23.10.2011;21:15;1172770
23.10.2011;21:30;1210850
23.10.2011;21:45;1184217
23.10.2011;22:00;1240877
23.10.2011;22:15;1245317
23.10.2011;22:30;1211882
23.10.2011;22:45;1222489
23.10.2011;23:00;1228339
23.10.2011;23:15;1204291
23.10.2011;23:30;1145253
23.10.2011;23:45;1117262
24.10.2011;00:00;1134668
24.10.2011;00:15;1115023
24.10.2011;00:30;1067084
24.10.2011;00:45;1069207
24.10.2011;01:00;1079796
24.10.2011;01:15;1083563
24.10.2011;01:30;1033900
24.10.2011;01:45;1011125
24.10.2011;02:00;1006748
24.10.2011;02:15;1055101
24.10.2011;02:30;1045625
24.10.2011;02:45;1022337
24.10.2011;03:00;1035894
24.10.2011;03:15;1053156
24.10.2011;03:30;1079640
24.10.2011;03:45;1071882
24.10.2011;04:00;1103294
24.10.2011;04:15;1109936
24.10.2011;04:30;1147607
24.10.2011;04:45;1137589
24.10.2011;05:00;1173070
24.10.2011;05:15;1198036
24.10.2011;05:30;1221856
24.10.2011;05:45;1264394
24.10.2011;06:00;1296116
24.10.2011;06:15;1370948
24.10.2011;06:30;1474805
24.10.2011;06:45;1502673
24.10.2011;07:00;1569536
24.10.2011;07:15;1609650
24.10.2011;07:30;1650494
24.10.2011;07:45;1647661
24.10.2011;08:00;1617243
24.10.2011;08:15;1625832
24.10.2011;08:30;1633466
24.10.2011;08:45;1635521
24.10.2011;09:00;1583553
24.10.2011;09:15;1556841
24.10.2011;09:30;1581648
24.10.2011;09:45;1595569
24.10.2011;10:00;1626697
24.10.2011;10:15;1616618
24.10.2011;10:30;1643091
24.10.2011;10:45;1640631
24.10.2011;11:00;1622705
24.10.2011;11:15;1591309
24.10.2011;11:30;1582214
24.10.2011;11:45;1577497
24.10.2011;12:00;1480640
24.10.2011;12:15;1484670
24.10.2011;12:30;1466198
24.10.2011;12:45;1458608
24.10.2011;13:00;1431856
24.10.2011;13:15;1458861
24.10.2011;13:30;1467469
24.10.2011;13:45;1433371
24.10.2011;14:00;1432711
24.10.2011;14:15;1438333
24.10.2011;14:30;1431061
24.10.2011;14:45;1388208
24.10.2011;15:00;1363646
24.10.2011;15:15;1360027
24.10.2011;15:30;1385261
24.10.2011;15:45;1394617
24.10.2011;16:00;1404749
24.10.2011;16:15;1375988
24.10.2011;16:30;1367682
24.10.2011;16:45;1413910
24.10.2011;17:00;1424124
24.10.2011;17:15;1417369
24.10.2011;17:30;1416494
24.10.2011;17:45;1424445
24.10.2011;18:00;1482124
24.10.2011;18:15;1533020
24.10.2011;18:30;1595378
24.10.2011;18:45;1590619
24.10.2011;19:00;1619179
24.10.2011;19:15;1588136
24.10.2011;19:30;1576287
24.10.2011;19:45;1526760
24.10.2011;20:00;1556102
24.10.2011;20:15;1488702
24.10.2011;20:30;1439762
24.10.2011;20:45;1409616
24.10.2011;21:00;1382710
24.10.2011;21:15;1389145
24.10.2011;21:30;1394094
24.10.2011;21:45;1320866
24.10.2011;22:00;1347872
24.10.2011;22:15;1328403
24.10.2011;22:30;1311391
24.10.2011;22:45;1319416
24.10.2011;23:00;1260123
24.10.2011;23:15;1268472
24.10.2011;23:30;1230213
24.10.2011;23:45;1210062
25.10.2011;00:00;1156082
25.10.2011;00:15;1158688
25.10.2011;00:30;1154348
25.10.2011;00:45;1116025
25.10.2011;01:00;1097925
25.10.2011;01:15;1091693
25.10.2011;01:30;1113040
25.10.2011;01:45;1073782
25.10.2011;02:00;1100564
25.10.2011;02:15;1116509
25.10.2011;02:30;1112543
25.10.2011;02:45;1074706
25.10.2011;03:00;1111713
25.10.2011;03:15;1146298
25.10.2011;03:30;1150892
25.10.2011;03:45;1115970
25.10.2011;04:00;1160500
25.10.2011;04:15;1180289
25.10.2011;04:30;1184330
25.10.2011;04:45;1172295
25.10.2011;05:00;1234769
25.10.2011;05:15;1259516
25.10.2011;05:30;1235022
25.10.2011;05:45;1227005
25.10.2011;06:00;1264342
25.10.2011;06:15;1380302
25.10.2011;06:30;1474288
25.10.2011;06:45;1482237
25.10.2011;07:00;1522048
25.10.2011;07:15;1578621
25.10.2011;07:30;1600855
25.10.2011;07:45;1565218
25.10.2011;08:00;1604509
25.10.2011;08:15;1619759
25.10.2011;08:30;1612327
25.10.2011;08:45;1549319
25.10.2011;09:00;1587094
25.10.2011;09:15;1591040
25.10.2011;09:30;1600454
25.10.2011;09:45;1566898
25.10.2011;10:00;1591585
25.10.2011;10:15;1608780
25.10.2011;10:30;1598437
25.10.2011;10:45;1556137
25.10.2011;11:00;1602110
25.10.2011;11:15;1685344
25.10.2011;11:30;1661050
25.10.2011;11:45;1641733
25.10.2011;12:00;1536558
25.10.2011;12:15;1549451
25.10.2011;12:30;1547399
25.10.2011;12:45;1567411
25.10.2011;13:00;1537459
25.10.2011;13:15;1565812
25.10.2011;13:30;1562406
25.10.2011;13:45;1521332
25.10.2011;14:00;1478447
25.10.2011;14:15;1477178
25.10.2011;14:30;1504140
25.10.2011;14:45;1527592
25.10.2011;15:00;1495778
25.10.2011;15:15;1508736
25.10.2011;15:30;1521237
25.10.2011;15:45;1535493
25.10.2011;16:00;1514285
25.10.2011;16:15;1501355
25.10.2011;16:30;1529538
25.10.2011;16:45;1554599
25.10.2011;17:00;1509894
25.10.2011;17:15;1532129
25.10.2011;17:30;1591860
25.10.2011;17:45;1635383
25.10.2011;18:00;1607452
25.10.2011;18:15;1642069
25.10.2011;18:30;1673205
25.10.2011;18:45;1684982
25.10.2011;19:00;1643721
25.10.2011;19:15;1611612
25.10.2011;19:30;1631060
25.10.2011;19:45;1608327
25.10.2011;20:00;1605870
25.10.2011;20:15;1579056
25.10.2011;20:30;1538910
25.10.2011;20:45;1505874
25.10.2011;21:00;1509639
25.10.2011;21:15;1443961
25.10.2011;21:30;1463929
25.10.2011;21:45;1406651
25.10.2011;22:00;1454377
25.10.2011;22:15;1461304
25.10.2011;22:30;1421302
25.10.2011;22:45;1402355
25.10.2011;23:00;1366981
25.10.2011;23:15;1341973
25.10.2011;23:30;1275663
25.10.2011;23:45;1233583
26.10.2011;00:00;1202963
26.10.2011;00:15;1189318
26.10.2011;00:30;1157001
26.10.2011;00:45;1166811
26.10.2011;01:00;1167978
26.10.2011;01:15;1161843
26.10.2011;01:30;1111961
26.10.2011;01:45;1097411
26.10.2011;02:00;1109631
26.10.2011;02:15;1130989
26.10.2011;02:30;1130714
26.10.2011;02:45;1131635
26.10.2011;03:00;1099220
26.10.2011;03:15;1141452
26.10.2011;03:30;1172802
26.10.2011;03:45;1183362
26.10.2011;04:00;1148216
26.10.2011;04:15;1149521
26.10.2011;04:30;1202888
26.10.2011;04:45;1222773
26.10.2011;05:00;1247319
26.10.2011;05:15;1234351
26.10.2011;05:30;1255149
26.10.2011;05:45;1286511
26.10.2011;06:00;1339686
26.10.2011;06:15;1373287
26.10.2011;06:30;1438816
26.10.2011;06:45;1480499
26.10.2011;07:00;1539141
26.10.2011;07:15;1549514
26.10.2011;07:30;1592266
26.10.2011;07:45;1628195
26.10.2011;08:00;1650818
26.10.2011;08:15;1624413
26.10.2011;08:30;1599177
26.10.2011;08:45;1619066
26.10.2011;09:00;1613061
26.10.2011;09:15;1584985
26.10.2011;09:30;1574800
26.10.2011;09:45;1603785
26.10.2011;10:00;1611461
26.10.2011;10:15;1623493
26.10.2011;10:30;1596907
26.10.2011;10:45;1633839
26.10.2011;11:00;1649132
26.10.2011;11:15;1623997
26.10.2011;11:30;1577763
26.10.2011;11:45;1629092
26.10.2011;12:00;1607444
26.10.2011;12:15;1562049
26.10.2011;12:30;1521756
26.10.2011;12:45;1547258
26.10.2011;13:00;1539269
26.10.2011;13:15;1542640
26.10.2011;13:30;1530730
26.10.2011;13:45;1520294
26.10.2011;14:00;1513203
26.10.2011;14:15;1547375
26.10.2011;14:30;1537488
26.10.2011;14:45;1502137
26.10.2011;15:00;1508447
26.10.2011;15:15;1508439
26.10.2011;15:30;1522143
26.10.2011;15:45;1492695
26.10.2011;16:00;1494379
26.10.2011;16:15;1515025
26.10.2011;16:30;1504443
26.10.2011;16:45;1513524
26.10.2011;17:00;1526689
26.10.2011;17:15;1507183
26.10.2011;17:30;1503641
26.10.2011;17:45;1581264
26.10.2011;18:00;1582976
26.10.2011;18:15;1627137
26.10.2011;18:30;1634682
26.10.2011;18:45;1648869
26.10.2011;19:00;1674662
26.10.2011;19:15;1659326
26.10.2011;19:30;1630459
26.10.2011;19:45;1573936
26.10.2011;20:00;1628224
26.10.2011;20:15;1612595
26.10.2011;20:30;1562648
26.10.2011;20:45;1507150
26.10.2011;21:00;1506924
26.10.2011;21:15;1473593
26.10.2011;21:30;1443151
26.10.2011;21:45;1425837
26.10.2011;22:00;1429492
26.10.2011;22:15;1449469
26.10.2011;22:30;1415423
26.10.2011;22:45;1351971
26.10.2011;23:00;1341943
26.10.2011;23:15;1328288
26.10.2011;23:30;1298732
26.10.2011;23:45;1245918
27.10.2011;00:00;1203355
27.10.2011;00:15;1168741
27.10.2011;00:30;1184048
27.10.2011;00:45;1174296
27.10.2011;01:00;1133431
27.10.2011;01:15;1109142
27.10.2011;01:30;1103185
27.10.2011;01:45;1130204
27.10.2011;02:00;1133363
27.10.2011;02:15;1104529
27.10.2011;02:30;1090366
27.10.2011;02:45;1121639
27.10.2011;03:00;1136772
27.10.2011;03:15;1131357
27.10.2011;03:30;1154092
27.10.2011;03:45;1165388
27.10.2011;04:00;1183717
27.10.2011;04:15;1161925
27.10.2011;04:30;1194949
27.10.2011;04:45;1226074
27.10.2011;05:00;1266330
27.10.2011;05:15;1266612
27.10.2011;05:30;1286486
27.10.2011;05:45;1348756
27.10.2011;06:00;1348384
27.10.2011;06:15;1409772
27.10.2011;06:30;1511688
27.10.2011;06:45;1516124
27.10.2011;07:00;1586853
27.10.2011;07:15;1609056
27.10.2011;07:30;1634910
27.10.2011;07:45;1635653
27.10.2011;08:00;1640832
27.10.2011;08:15;1658123
27.10.2011;08:30;1697042
27.10.2011;08:45;1690911
27.10.2011;09:00;1674892
27.10.2011;09:15;1667652
27.10.2011;09:30;1624499
27.10.2011;09:45;1639128
27.10.2011;10:00;1667514
27.10.2011;10:15;1679226
27.10.2011;10:30;1677969
27.10.2011;10:45;1653258
27.10.2011;11:00;1675468
27.10.2011;11:15;1700627
27.10.2011;11:30;1682558
27.10.2011;11:45;1693745
27.10.2011;12:00;1653712
27.10.2011;12:15;1614405
27.10.2011;12:30;1577164
27.10.2011;12:45;1607422
27.10.2011;13:00;1596183
27.10.2011;13:15;1575613
27.10.2011;13:30;1532950
27.10.2011;13:45;1530636
27.10.2011;14:00;1554162
27.10.2011;14:15;1564841
27.10.2011;14:30;1538089
27.10.2011;14:45;1521550
27.10.2011;15:00;1537216
27.10.2011;15:15;1544371
27.10.2011;15:30;1515936
27.10.2011;15:45;1533306
27.10.2011;16:00;1540344
27.10.2011;16:15;1530770
27.10.2011;16:30;1483849
27.10.2011;16:45;1558784
27.10.2011;17:00;1561514
27.10.2011;17:15;1538085
27.10.2011;17:30;1574539
27.10.2011;17:45;1603444
27.10.2011;18:00;1627096
27.10.2011;18:15;1674137
27.10.2011;18:30;1670683
27.10.2011;18:45;1678287
27.10.2011;19:00;1699052
27.10.2011;19:15;1683371
27.10.2011;19:30;1616267
27.10.2011;19:45;1615696
27.10.2011;20:00;1630345
27.10.2011;20:15;1605159
27.10.2011;20:30;1522340
27.10.2011;20:45;1525392
27.10.2011;21:00;1510442
27.10.2011;21:15;1487121
27.10.2011;21:30;1460625
27.10.2011;21:45;1454856
27.10.2011;22:00;1481313
27.10.2011;22:15;1440488
27.10.2011;22:30;1398548
27.10.2011;22:45;1393792
27.10.2011;23:00;1366106
27.10.2011;23:15;1313076
27.10.2011;23:30;1275205
27.10.2011;23:45;1277251
28.10.2011;00:00;1246674
28.10.2011;00:15;1214652
28.10.2011;00:30;1178031
28.10.2011;00:45;1203155
28.10.2011;01:00;1168760
28.10.2011;01:15;1153068
28.10.2011;01:30;1146808
28.10.2011;01:45;1129489
28.10.2011;02:00;1138774
28.10.2011;02:15;1148665
28.10.2011;02:30;1144323
28.10.2011;02:45;1150976
28.10.2011;03:00;1178448
28.10.2011;03:15;1193464
28.10.2011;03:30;1169476
28.10.2011;03:45;1178570
28.10.2011;04:00;1201392
28.10.2011;04:15;1232997
28.10.2011;04:30;1234767
28.10.2011;04:45;1239637
28.10.2011;05:00;1264756
28.10.2011;05:15;1307468
28.10.2011;05:30;1327554
28.10.2011;05:45;1325557
28.10.2011;06:00;1326034
28.10.2011;06:15;1445146
28.10.2011;06:30;1511734
28.10.2011;06:45;1573318
28.10.2011;07:00;1634961
28.10.2011;07:15;1635071
28.10.2011;07:30;1632801
28.10.2011;07:45;1644772
28.10.2011;08:00;1657793
28.10.2011;08:15;1695283
28.10.2011;08:30;1677577
28.10.2011;08:45;1641128
28.10.2011;09:00;1643420
28.10.2011;09:15;1588273
28.10.2011;09:30;1661050
28.10.2011;09:45;1651558
28.10.2011;10:00;1635351
28.10.2011;10:15;1640275
28.10.2011;10:30;1643275
28.10.2011;10:45;1654517
28.10.2011;11:00;1649192
28.10.2011;11:15;1619151
28.10.2011;11:30;1645033
28.10.2011;11:45;1629191
28.10.2011;12:00;1603868
28.10.2011;12:15;1523334
28.10.2011;12:30;1486698
28.10.2011;12:45;1502816
28.10.2011;13:00;1481041
28.10.2011;13:15;1452449
28.10.2011;13:30;1381246
28.10.2011;13:45;1395675
28.10.2011;14:00;1395703
28.10.2011;14:15;1402770
28.10.2011;14:30;1365416
28.10.2011;14:45;1375018
28.10.2011;15:00;1365585
28.10.2011;15:15;1315044
28.10.2011;15:30;1325707
28.10.2011;15:45;1374016
28.10.2011;16:00;1355890
28.10.2011;16:15;1381051
28.10.2011;16:30;1376369
28.10.2011;16:45;1418944
28.10.2011;17:00;1424298
28.10.2011;17:15;1450301
28.10.2011;17:30;1451642
28.10.2011;17:45;1512410
28.10.2011;18:00;1478198
28.10.2011;18:15;1520453
28.10.2011;18:30;1612657
28.10.2011;18:45;1576522
28.10.2011;19:00;1570407
28.10.2011;19:15;1544394
28.10.2011;19:30;1548475
28.10.2011;19:45;1501420
28.10.2011;20:00;1514200
28.10.2011;20:15;1465151
28.10.2011;20:30;1435984
28.10.2011;20:45;1418307
28.10.2011;21:00;1379360
28.10.2011;21:15;1333405
28.10.2011;21:30;1383590
28.10.2011;21:45;1354866
28.10.2011;22:00;1388340
28.10.2011;22:15;1339799
28.10.2011;22:30;1335633
28.10.2011;22:45;1304164
28.10.2011;23:00;1302939
28.10.2011;23:15;1248157
28.10.2011;23:30;1188619
28.10.2011;23:45;1179626
29.10.2011;00:00;1163559
29.10.2011;00:15;1134890
29.10.2011;00:30;1077672
29.10.2011;00:45;1101324
29.10.2011;01:00;1103595
29.10.2011;01:15;1096135
29.10.2011;01:30;1041613
29.10.2011;01:45;1064584
29.10.2011;02:00;1046706
29.10.2011;02:15;1062543
29.10.2011;02:30;1016884
29.10.2011;02:45;1058004
29.10.2011;03:00;1073633
29.10.2011;03:15;1064682
29.10.2011;03:30;1065876
29.10.2011;03:45;1086962
29.10.2011;04:00;1083116
29.10.2011;04:15;1031952
29.10.2011;04:30;1061454
29.10.2011;04:45;1065463
29.10.2011;05:00;1068881
29.10.2011;05:15;1038974
29.10.2011;05:30;1028958
29.10.2011;05:45;1031215
29.10.2011;06:00;1032347
29.10.2011;06:15;1038375
29.10.2011;06:30;1076254
29.10.2011;06:45;1075729
29.10.2011;07:00;1142905
29.10.2011;07:15;1145048
29.10.2011;07:30;1175571
29.10.2011;07:45;1175715
29.10.2011;08:00;1225976
29.10.2011;08:15;1223769
29.10.2011;08:30;1256395
29.10.2011;08:45;1240220
29.10.2011;09:00;1246566
29.10.2011;09:15;1260615
29.10.2011;09:30;1284770
29.10.2011;09:45;1269033
29.10.2011;10:00;1268882
29.10.2011;10:15;1260863
29.10.2011;10:30;1265355
29.10.2011;10:45;1238477
29.10.2011;11:00;1242778
29.10.2011;11:15;1268203
29.10.2011;11:30;1291840
29.10.2011;11:45;1274426
29.10.2011;12:00;1234138
29.10.2011;12:15;1235239
29.10.2011;12:30;1227151
29.10.2011;12:45;1202098
29.10.2011;13:00;1166740
29.10.2011;13:15;1172773
29.10.2011;13:30;1165026
29.10.2011;13:45;1119369
29.10.2011;14:00;1078412
29.10.2011;14:15;1103182
29.10.2011;14:30;1085915
29.10.2011;14:45;1085965
29.10.2011;15:00;1044730
29.10.2011;15:15;1075933
29.10.2011;15:30;1080901
29.10.2011;15:45;1085957
29.10.2011;16:00;1074027
29.10.2011;16:15;1110803
29.10.2011;16:30;1081243
29.10.2011;16:45;1097614
29.10.2011;17:00;1150594
29.10.2011;17:15;1182637
29.10.2011;17:30;1215990
29.10.2011;17:45;1268386
29.10.2011;18:00;1287973
29.10.2011;18:15;1343963
29.10.2011;18:30;1378776
29.10.2011;18:45;1372351
29.10.2011;19:00;1339697
29.10.2011;19:15;1349087
29.10.2011;19:30;1324387
29.10.2011;19:45;1299000
29.10.2011;20:00;1250070
29.10.2011;20:15;1254152
29.10.2011;20:30;1231101
29.10.2011;20:45;1210015
29.10.2011;21:00;1174299
29.10.2011;21:15;1158878
29.10.2011;21:30;1171207
29.10.2011;21:45;1154281
29.10.2011;22:00;1152566
29.10.2011;22:15;1176732
29.10.2011;22:30;1154444
29.10.2011;22:45;1137323
29.10.2011;23:00;1103499
29.10.2011;23:15;1110794
29.10.2011;23:30;1072218
29.10.2011;23:45;1049349
30.10.2011;00:00;981687
30.10.2011;00:15;991641
30.10.2011;00:30;974489
30.10.2011;00:45;945779
30.10.2011;01:00;898026
30.10.2011;01:15;908626
30.10.2011;01:30;904925
30.10.2011;01:45;911284
30.10.2011;02:00;876413
30.10.2011;02:15;897873
30.10.2011;02:30;893901
30.10.2011;02:45;883362
30.10.2011;02:00;872483
30.10.2011;02:15;873560
30.10.2011;02:30;881133
30.10.2011;02:45;882259
30.10.2011;03:00;888722
30.10.2011;03:15;907132
30.10.2011;03:30;936067
30.10.2011;03:45;901791
30.10.2011;04:00;942597
30.10.2011;04:15;949748
30.10.2011;04:30;940537
30.10.2011;04:45;907991
30.10.2011;05:00;907978
30.10.2011;05:15;918370
30.10.2011;05:30;909513
30.10.2011;05:45;885343
30.10.2011;06:00;857043
30.10.2011;06:15;886194
30.10.2011;06:30;903455
30.10.2011;06:45;940627
30.10.2011;07:00;955966
30.10.2011;07:15;944690
30.10.2011;07:30;947088
30.10.2011;07:45;1009739
30.10.2011;08:00;999064
30.10.2011;08:15;985401
30.10.2011;08:30;1026191
30.10.2011;08:45;1034502
30.10.2011;09:00;1072348
30.10.2011;09:15;1036452
30.10.2011;09:30;1064002
30.10.2011;09:45;1079009
30.10.2011;10:00;1080990
30.10.2011;10:15;1028392
30.10.2011;10:30;1051472
30.10.2011;10:45;1107266
30.10.2011;11:00;1119030
30.10.2011;11:15;1106912
30.10.2011;11:30;1115881
30.10.2011;11:45;1111934
30.10.2011;12:00;1118911
30.10.2011;12:15;1027441
30.10.2011;12:30;1011272
30.10.2011;12:45;975858
30.10.2011;13:00;964264
30.10.2011;13:15;900986
30.10.2011;13:30;874158
30.10.2011;13:45;850521
30.10.2011;14:00;898747
30.10.2011;14:15;916567
30.10.2011;14:30;882290
30.10.2011;14:45;939293
30.10.2011;15:00;925620
30.10.2011;15:15;925882
30.10.2011;15:30;965919
30.10.2011;15:45;961970
30.10.2011;16:00;1003298
30.10.2011;16:15;1018996
30.10.2011;16:30;1035720
30.10.2011;16:45;1074836
30.10.2011;17:00;1154391
30.10.2011;17:15;1179187
30.10.2011;17:30;1264351
30.10.2011;17:45;1289876
30.10.2011;18:00;1259795
30.10.2011;18:15;1290122
30.10.2011;18:30;1285146
30.10.2011;18:45;1279265
30.10.2011;19:00;1245856
30.10.2011;19:15;1247538
30.10.2011;19:30;1233059
30.10.2011;19:45;1212636
30.10.2011;20:00;1200596
30.10.2011;20:15;1211303
30.10.2011;20:30;1194747
30.10.2011;20:45;1158166
30.10.2011;21:00;1135559
30.10.2011;21:15;1159455
30.10.2011;21:30;1162491
30.10.2011;21:45;1165286
30.10.2011;22:00;1175053
30.10.2011;22:15;1163017
30.10.2011;22:30;1169778
30.10.2011;22:45;1156027
30.10.2011;23:00;1108789
30.10.2011;23:15;1087339
30.10.2011;23:30;1076920
30.10.2011;23:45;1057616
31.10.2011;00:00;1042209
31.10.2011;00:15;987712
31.10.2011;00:30;987277
31.10.2011;00:45;976773
31.10.2011;01:00;946688
31.10.2011;01:15;922210
31.10.2011;01:30;918204
31.10.2011;01:45;936653
31.10.2011;02:00;933585
31.10.2011;02:15;912907
31.10.2011;02:30;925516
31.10.2011;02:45;967292
31.10.2011;03:00;980782
31.10.2011;03:15;990978
31.10.2011;03:30;970917
31.10.2011;03:45;995794
31.10.2011;04:00;1027612
31.10.2011;04:15;1042540
31.10.2011;04:30;1036953
31.10.2011;04:45;1059629
31.10.2011;05:00;1123489
31.10.2011;05:15;1147576
31.10.2011;05:30;1077491
31.10.2011;05:45;1136624
31.10.2011;06:00;1180763
31.10.2011;06:15;1252024
31.10.2011;06:30;1336794
31.10.2011;06:45;1300015
31.10.2011;07:00;1336068
31.10.2011;07:15;1338985
31.10.2011;07:30;1382244
31.10.2011;07:45;1408709
31.10.2011;08:00;1434368
31.10.2011;08:15;1418333
31.10.2011;08:30;1402050
31.10.2011;08:45;1354735
31.10.2011;09:00;1388238
31.10.2011;09:15;1383084
31.10.2011;09:30;1404134
31.10.2011;09:45;1366066
31.10.2011;10:00;1398071
31.10.2011;10:15;1412204
31.10.2011;10:30;1413079
31.10.2011;10:45;1377590
31.10.2011;11:00;1410619
31.10.2011;11:15;1426343
31.10.2011;11:30;1429195
31.10.2011;11:45;1406747
31.10.2011;12:00;1397029
31.10.2011;12:15;1374342
31.10.2011;12:30;1301168
31.10.2011;12:45;1399949
31.10.2011;13:00;1387954
31.10.2011;13:15;1369154
31.10.2011;13:30;1365759
31.10.2011;13:45;1353739
31.10.2011;14:00;1331610
31.10.2011;14:15;1343265
31.10.2011;14:30;1334486
31.10.2011;14:45;1357129
31.10.2011;15:00;1379895
31.10.2011;15:15;1369743
31.10.2011;15:30;1362954
31.10.2011;15:45;1349697
31.10.2011;16:00;1406630
31.10.2011;16:15;1428189
31.10.2011;16:30;1434597
31.10.2011;16:45;1419507
31.10.2011;17:00;1474739
31.10.2011;17:15;1554734
31.10.2011;17:30;1550584
31.10.2011;17:45;1579078
31.10.2011;18:00;1543767
31.10.2011;18:15;1554683
31.10.2011;18:30;1545899
31.10.2011;18:45;1525998
31.10.2011;19:00;1501299
31.10.2011;19:15;1470150
31.10.2011;19:30;1451798
31.10.2011;19:45;1415227
31.10.2011;20:00;1441107
31.10.2011;20:15;1387121
31.10.2011;20:30;1345524
31.10.2011;20:45;1277887
31.10.2011;21:00;1293541
31.10.2011;21:15;1275510
31.10.2011;21:30;1251274
31.10.2011;21:45;1199731
31.10.2011;22:00;1269366
31.10.2011;22:15;1256694
31.10.2011;22:30;1217538
31.10.2011;22:45;1189818
31.10.2011;23:00;1180477
31.10.2011;23:15;1158892
31.10.2011;23:30;1128416
31.10.2011;23:45;1092228
