Abstraction Error;Top Level Violation Abstracted;topLevelViolationActualCentral;topLevelViolationActualRegioCentral;relativeTLViolationCentral;relativeTLViolationRegioCentral;topLevelViolationAbstractedRel;abstractionErrorRel;variableAbstraction;runtimePerStepCentral;runtimePerStepRegioCentral;runtimePerAvppPerStep;unsolvedCentralAllocations;Total runtime central;Total runtime regio central;time stamps
28.0;19129.78612507574;19221.78612507574;19221.78612507574;0.14029293261614728;0.14029293364009515;0.1396214585851287;0.0017848608665957657;0.08073928000000001;1800.6303315680002;141.050068912;0.259473008;0.0;2027.425621024;4626.129667232;1.380665663974E12
13.999999999996362;1934.179461849446;1936.4001618365583;2611.7712026758527;0.014227946010239788;0.01919032061047019;0.014211629239593933;4.334139089325203E-4;0.031764816;14.587786704;70.96420904;60.123725488000005;0.0;3889.8991427200003;6789.149073808;1.380672317896E12
14.000000000003638;0.0;2.9103830456733704E-11;107.47523570663179;2.3465872153965097E-16;8.66552657009445E-4;0.0;5.617525206433739E-4;0.019027856000000003;4.547336128;32.315689424;60.105567104;0.0;2247.69458304;8218.678388848;1.380682997205E12
16.0;1.4551915228366852E-11;9.89530235528946E-10;1.4551915228366852E-11;7.867944216252898E-15;1.157050629237122E-16;1.157050629237122E-16;5.542077397399313E-4;0.024113568000000002;4.872303808000001;10.640560816;3.818610768;0.0;4196.350637968;11156.084234288;1.38069346382E12
20.00000000000182;0.0;9.89530235528946E-10;18.000000000029104;7.625066642085563E-15;1.3870339246583818E-4;0.0;0.0012421762700948141;0.020260064;4.994576048;12.166821472;9.636174224000001;0.0;2433.2814685440003;13549.809442032001;1.380708816583E12
596.4886882992469;1.4551915228366852E-11;1.4551915228366852E-11;1.4551915228366852E-11;1.1361758244890395E-16;1.136175833360006E-16;1.136175833360006E-16;0.031313911170210776;0.040189152000000006;5.094311952;10.673131984000001;6.6838239680000004;0.0;;;
0.0;1.4551915228366852E-11;2.9103830456733704E-11;0.0;2.332131710902159E-16;0.0;1.1660658647949328E-16;0.0;0.035674752000000004;5.128497184;4.581713472000001;0.215131504;0.0;;;
0.0;2.9103830456733704E-11;1.4551915228366852E-11;2.43355113605503;1.2262408370024887E-16;2.0506715166217706E-5;2.452481694671214E-16;0.0;0.041886032000000004;3.89426072;7.813756496000001;1.6567364;0.0;;;
1.0575925131670374;0.0;1.4551915228366852E-11;121.88527166539279;1.2143542421757868E-16;0.0010171300177192234;0.0;3.353060813437347E-5;0.0244084;5.2684964;64.96724556800001;60.088618992;0.0;;;
80.04546001396011;0.0;1.0331859812140465E-9;11.999999999708962;8.405958022001795E-15;9.763149995873174E-5;0.0;0.004176820263036181;0.023860448000000003;4.2401175040000005;12.690133536000001;4.346002928;0.0;;;
1.8189894035458565E-12;0.0;9.89530235528946E-10;27.391476010190672;7.863134734738588E-15;2.1766173526558416E-4;0.0;1.5265681686643727E-16;0.030032560000000003;5.5172351200000005;66.59836390400001;2.335684896;0.0;;;
107.47940424902481;1.4551915228366852E-11;0.0;3.2014213502407074E-10;0.0;2.596715696638955E-15;1.1803253166540703E-16;0.0034265824037793507;0.05291856;5.117595232;52.083664208;2.140883424;0.0;;;
3.637978807091713E-12;2.9103830456733704E-11;1.4551915228366852E-11;0.0;1.2518476603751457E-16;0.0;2.5036953422886603E-16;1.2230218711087852E-16;0.046001280000000005;4.2597084160000005;13.802963232000002;0.22660268800000002;0.0;;;
0.004168542429397348;1.4551915228366852E-11;9.74978320300579E-10;1.4551915228366852E-11;8.010466639841698E-15;1.1955920456203075E-16;1.1955920456203075E-16;1.2158210968326565E-7;0.074045728;5.523817424000001;66.783867744;8.550065104;0.0;;;
0.0;0.0;0.0;18.000000000014552;0.0;1.452298787541721E-4;0.0;0.0;0.104685888;5.200352144;73.257326112;1.941229088;0.0;;;
1.8189894035458565E-12;1.4551915228366852E-11;5.820766091346741E-11;13.99999999938882;4.749235520555384E-16;1.1422774388101838E-4;1.187308889826247E-16;1.798756942936355E-16;0.097564224;4.34902352;7.652920896;0.289762688;0.0;;;
0.0;0.0;0.0;1.4551915228366852E-11;0.0;1.2664285572054213E-16;0.0;0.0;0.08705668800000001;5.378111712;66.474244192;0.257826832;0.0;;;
3.637978807091713E-12;0.0;2.9103830456733704E-11;1.4551915228366852E-11;2.386311225620061E-16;1.193155622593075E-16;0.0;1.1315605247943686E-16;0.12703952000000002;4.270431856;11.913005328;20.98343448;0.0;;;
7.275957614183426E-12;0.0;2.9103830456733704E-11;0.0;2.320035029943783E-16;0.0;0.0;1.986105995630336E-16;0.1376212;5.288635248;5.132515504000001;0.166378928;0.0;;;
1.8189894035458565E-12;0.0;4.3655745685100555E-11;2.9103830456733704E-11;3.458117383570462E-16;2.30541160730891E-16;0.0;1.4713923177386246E-16;0.088992208;4.11411232;11.822596336;1.9968998080000002;0.0;;;
0.0;0.0;1.4551915228366852E-11;1.4551915228366852E-11;1.1602701648388942E-16;1.160270174090095E-16;0.0;0.0;0.086689792;5.2464705920000005;5.270785216;1.0602124000000002;0.0;;;
3.637978807091713E-12;0.0;0.0;19.999999999985448;0.0;1.5811676737049872E-4;0.0;1.261702268710246E-16;0.06570480000000001;4.4910582240000005;8.14414144;0.32150142400000004;0.0;;;
7.275957614183426E-12;1.4551915228366852E-11;4.3655745685100555E-11;4.3655745685100555E-11;3.401169521258981E-16;3.401169547757106E-16;1.133723182585702E-16;2.102334453174228E-16;0.115506864;4.4354522240000005;8.388560432;0.290509856;0.0;;;
3.637978807091713E-12;0.0;2.9103830456733704E-11;6.693881005048752E-10;2.3149670427739736E-16;5.324424240731495E-15;0.0;1.1193046854927165E-16;0.155668144;5.2262689920000005;6.451373664;6.7267059840000005;0.0;;;
18.0;2.9103830456733704E-11;7.275957614183426E-11;10.789736127771903;5.591319278541933E-16;8.291535394268278E-5;2.236527728603708E-16;0.0010401346432312643;0.24579339200000003;5.289099376;18.942714848;0.199056528;0.0;;;
3.637978807091713E-12;0.0;2.9103830456733704E-11;0.0;2.2221012804177117E-16;0.0;0.0;3.899359392146489E-16;0.324432064;5.2661677120000006;5.6123720960000005;5.49253472;0.0;;;
0.0;2.9103830456733704E-11;2.9103830456733704E-11;22.004084042302566;2.1126101523121912E-16;1.597248573401445E-4;2.1126101676473605E-16;0.0;0.389770944;5.6198625600000005;64.50558000000001;3.826323184;0.0;;;
0.0;0.0;2.9103830456733704E-11;1190.9371684825455;2.1547996264632402E-16;0.008817502522914761;0.0;0.0;0.417379936;6.5087635200000005;68.16121150400001;0.317933856;0.0;;;
0.0;0.0;2.9103830456733704E-11;2.9103830456733704E-11;2.0591600264378603E-16;2.0591600410068704E-16;0.0;0.0;0.49043459200000006;5.373435136;8.269633376;0.27918473600000004;0.0;;;
0.0;2.9103830456733704E-11;5.820766091346741E-11;5.820766091346741E-11;4.1402439514451613E-16;4.14024398089424E-16;2.07012199044712E-16;0.0;0.48714691200000004;2.428549168;5.765973632000001;1.976456736;0.0;;;
0.0;0.0;2.9103830456733704E-11;1471.7981171345746;2.0641547137195083E-16;0.010438553946326739;0.0;0.0;0.604413568;5.682900992;8.08166736;0.213650048;0.0;;;
0.0;0.0;2.9103830456733704E-11;19.26414951463812;1.994747581481772E-16;1.3203456491450407E-4;0.0;0.0;0.6832886720000001;4.506184832000001;21.445412672;2.3408480000000003;0.0;;;
0.0;0.0;1.0477378964424133E-9;53.82485036100843;6.9497065008305275E-15;3.57023370264147E-4;0.0;0.0;0.701766352;5.610580576;13.235765072000001;2.943020992;0.0;;;
7.275957614183426E-12;0.0;1.0477378964424133E-9;5.820766091346741E-11;6.86369601392995E-15;3.813164477163219E-16;0.0;1.9406899462543652E-16;0.6373677600000001;5.2245664000000005;28.307293024000003;0.21664592000000002;0.0;;;
3.637978807091713E-12;0.0;5.820766091346741E-11;114.16303043413791;3.9776368122806085E-16;7.801362714686461E-4;0.0;3.7559045528150883E-16;0.8811390720000001;5.163898256;63.791201744000006;0.2231216;0.0;;;
0.0;0.0;0.0;1.7462298274040222E-9;0.0;1.1657557728485313E-14;0.0;0.0;0.9373747680000001;5.753296736;65.793401648;4.639333584;0.0;;;
3.637978807091713E-12;0.0;2.9103830456733704E-11;31.163107473868877;1.8696936344816708E-16;2.0019861006093136E-4;0.0;1.7358816954466227E-16;0.788805328;5.726165456;12.748063920000002;0.22844992;0.0;;;
0.0;0.0;9.89530235528946E-10;531.0068563629175;6.503682945333413E-15;0.003490040156716068;0.0;0.0;0.578649552;5.2855889760000005;63.611742912000004;0.6671247680000001;0.0;;;
0.0;0.0;1.0186340659856796E-9;2.9103830456733704E-11;6.6054560965066444E-15;1.8872731826687215E-16;0.0;0.0;0.758472896;5.66218224;5.186290928;2.1534482560000003;0.0;;;
2.433551136051392;0.0;2.9103830456733704E-11;189.50330730859423;1.9150727333763344E-16;0.001246958264269899;0.0;3.0307593676846877E-4;0.5947254240000001;5.732124448;63.765229440000006;0.28960819200000004;0.0;;;
0.0;0.0;1.0186340659856796E-9;11.15277551629697;6.547812788400959E-15;7.169040292259023E-5;0.0;0.0;0.759536608;5.778842752;64.764703056;0.2905844;0.0;;;
3.637978807091713E-12;0.0;0.0;0.08031935064354911;0.0;5.020404573714423E-7;0.0;1.352928856276915E-16;0.7937659840000001;5.5838777440000005;64.670636208;0.8784000000000001;0.0;;;
121.88527166641143;0.0;8.731149137020111E-11;13.999999999970896;5.516704315923377E-16;8.84578418014767E-5;0.0;0.003171530137809909;0.7470901600000001;9.53327256;10.123256256000001;0.19863355200000002;0.0;;;
0.0;45952.554813624956;46058.55481362781;46058.554813626004;0.33616489564597896;0.33616489809951294;0.3353912420579135;0.0;0.09483576;1802.6537040160001;255.29708584000002;3.0059915520000002;0.0;;;
3.637978807091713E-12;28886.521784210825;28888.55082407035;28888.55082406773;0.21226229450895573;0.21226229606856062;0.21224738744052096;7.152263075328145E-16;0.044701120000000004;1802.709749968;80.04105976000001;3.084134816;0.0;;;
0.0;852.3323098865076;853.0449719349708;1459.7457973572164;0.006877941473294065;0.011769656432400017;0.006872195468388964;0.0;0.039257296000000004;6.678954336;57.704520496;0.260317904;0.0;;;
11.999999999723514;2.9103830456733704E-11;1.4551915228366852E-11;1469.613221416308;1.1570506200371909E-16;0.011685175977799929;2.314101258474244E-16;3.652596232858875E-4;0.007893392;7.098948336;51.454425328000006;0.21431752;0.0;;;
1.4551915228366852E-11;0.0;4.3655745685100555E-11;2.9103830456733704E-11;3.3639999891553956E-16;2.2426666767183457E-16;0.0;4.2083126031437615E-16;0.013901744;6.535707984;49.367285328;0.9534893280000001;0.0;;;
7.275957614183426E-12;0.0;1.4551915228366852E-11;1493.733647181216;1.1361758244890395E-16;0.011662685253248744;0.0;1.822471396742949E-16;0.025828992000000002;6.1882557920000005;53.865387728;0.20183576;0.0;;;
0.0;1.4551915228366852E-11;0.0;0.0;0.0;0.0;1.1660658647949328E-16;0.0;0.030785088000000002;6.528007616;54.196268512;0.5149667840000001;0.0;;;
1.8189894035458565E-12;1.4551915228366852E-11;7.275957614183426E-11;0.0;6.131204185012444E-16;0.0;1.226240847335607E-16;1.8904179480203835E-16;0.043833808;6.434417632000001;63.790914304000005;1.9137480640000002;0.0;;;
1.4551915228366852E-11;0.0;2.9103830456733704E-11;2.9103830456733704E-11;2.4287084843515736E-16;2.428708504619095E-16;0.0;3.864387187607724E-16;0.067763136;5.412276336000001;51.188397200000004;0.243186528;0.0;;;
0.0;0.0;7.275957614183426E-11;14.000000000029104;5.919688747888589E-16;1.1390341662151967E-4;0.0;0.0;0.13038227200000002;6.00277344;111.502708256;1.818071392;0.0;;;
7.275957614183426E-12;1.4551915228366852E-11;5.820766091346741E-11;1.4551915228366852E-11;4.62537337337564E-16;1.1563433525325968E-16;1.1563433525325968E-16;2.0404654775005243E-16;0.152871568;5.692443744;50.103090800000004;60.092893968000006;0.0;;;
27.39147538151792;2.9103830456733704E-11;9.89530235528946E-10;4.3655745685100555E-11;8.026212088145999E-15;3.540975949962211E-16;2.3606506333081407E-16;0.005740602332203048;0.40040820800000004;6.862568048000001;50.33633140800001;0.21576624000000003;0.0;;;
3.637978807091713E-12;1.4551915228366852E-11;1.4551915228366852E-11;4.068782117814408;1.2518476603751457E-16;3.5002233992200766E-5;1.2518476711443302E-16;5.642538788388132E-16;0.499223664;7.044236368000001;51.453810880000006;5.7935528320000005;0.0;;;
0.0;1.4551915228366852E-11;0.0;17.999999999956344;0.0;1.478888275761938E-4;1.1955920456203075E-16;0.0;0.646091344;6.892037984000001;76.59435073600001;1.7365982720000002;0.0;;;
1.4551915228366852E-11;0.0;9.74978320300579E-10;1381.0116605681687;7.866443450146798E-15;0.01114245311234727;0.0;3.4836098189624834E-16;0.777260528;7.54191944;113.291585616;0.351519888;0.0;;;
0.0;0.0;1.0186340659856796E-9;2.9103830456733704E-11;8.311162160971921E-15;2.374617779652494E-16;0.0;0.0;0.893486176;7.089784048;111.16045561600001;0.24157336000000001;0.0;;;
0.0;0.0;1.4551915228366852E-11;2.9103830456733704E-11;1.2664285461839078E-16;2.5328571144108425E-16;0.0;0.0;1.120831232;6.025443696;55.88564104;4.267547024000001;0.0;;;
0.0;0.0;0.0;0.02286570727301296;0.0;1.874828623532646E-7;0.0;0.0;1.2105307200000002;5.739210160000001;85.119420672;0.2205212;0.0;;;
3.637978807091713E-12;1.4551915228366852E-11;0.0;1.4551915228366852E-11;0.0;1.1600175242190639E-16;1.1600175242190639E-16;1.3946237307809526E-16;1.1253957920000002;7.109023744000001;69.794253872;60.102520176000006;0.0;;;
7.275957614183426E-12;1.4551915228366852E-11;0.0;2.9103830456733704E-11;0.0;2.30541160730891E-16;1.152705803654455E-16;1.7686743031645278E-16;1.4051148480000002;7.090494576;53.223321488;2.4546908640000002;0.0;;;
7.275957614183426E-12;1.4551915228366852E-11;4.3655745685100555E-11;1.4551915228366852E-11;3.480810494516683E-16;1.160270174090095E-16;1.160270174090095E-16;2.0665174395951462E-16;1.326553888;6.793603872;73.729506048;0.32288720000000004;0.0;;;
1.8189894035458565E-12;0.0;4.3655745685100555E-11;1.4551915228366852E-11;3.4513526651550237E-16;1.1504508974802867E-16;0.0;6.072091728286954E-16;1.478257536;7.265774048000001;53.101078560000005;0.32159886400000004;0.0;;;
1.8189894035458565E-12;0.0;4.3655745685100555E-11;4.3655745685100555E-11;3.401169521258981E-16;3.401169547757106E-16;0.0;1.9390861142864663E-16;1.324580176;7.077338768000001;65.310968208;3.01213144;0.0;;;
0.0;0.0;2.9103830456733704E-11;2.9103830456733704E-11;2.3149670427739736E-16;2.3149670611876063E-16;0.0;0.0;1.390666288;7.015102336;61.776775376;0.18007584000000001;0.0;;;
0.0;1.4551915228366852E-11;4.3655745685100555E-11;0.0;3.35479156712516E-16;0.0;1.118263864301854E-16;0.0;1.367239616;7.1834265120000005;131.700911856;1.824964864;0.0;;;
7.275957614183426E-12;0.0;4.3655745685100555E-11;1.4551915228366852E-11;3.3331519206265674E-16;1.1110506486918184E-16;0.0;1.8602309296804744E-16;1.447093248;7.059107008000001;118.55696091200001;1.688458448;0.0;;;
0.0;2.9103830456733704E-11;2.9103830456733704E-11;39.999999999970896;2.1126101523121912E-16;2.903549305355484E-4;2.1126101676473605E-16;0.0;1.4556043360000002;7.122742208;109.359326976;0.313400112;0.0;;;
17.99999999999818;0.0;2.9103830456733704E-11;8.978572228021221;2.1547996264632402E-16;6.647586906169335E-5;0.0;0.0011364183736910175;1.297263888;7.098335136;91.06659912;0.21035993600000003;0.0;;;
0.0;0.0;0.0;0.022193278011400253;0.0;1.5702232504401633E-7;0.0;0.0;1.375923904;7.189814048000001;98.52555793600001;47.766088752;0.0;;;
0.0;0.0;2.9103830456733704E-11;414.3218386458757;2.0701219757225807E-16;0.0029470235905145843;0.0;0.0;1.321836848;4.307514240000001;61.513911504000006;0.23672484800000002;0.0;;;
0.0;0.0;0.0;11.692231383553008;0.0;8.292576721579871E-5;0.0;0.0;1.1398278080000002;6.864155536;110.98222684800001;7.986297696;0.0;;;
4.547473508864641E-13;0.0;2.9103830456733704E-11;1820.3914908040315;1.994747581481772E-16;0.012476782236336937;0.0;1.3749026255087987E-16;1.156961728;7.329150928000001;64.770206976;4.205644144;0.0;;;
5.784386303275824E-10;0.0;1.0477378964424133E-9;0.0;6.9497065008305275E-15;0.0;0.0;6.182533973716593E-14;1.107582032;7.183246912;56.342718752;0.286619248;0.0;;;
14.000000000007276;0.0;9.604264050722122E-10;35.38212616328383;6.2917213461024546E-15;2.3178712989843837E-4;0.0;4.951688421251395E-4;1.1085880320000001;7.455966912;111.54429761600001;0.19873096;0.0;;;
0.0;0.0;2.9103830456733704E-11;1760.3182114429364;1.9888184061403042E-16;0.012029183885984136;0.0;0.0;0.906131776;10.697778832000001;52.489433440000006;0.784864192;0.0;;;
7.275957614183426E-12;0.0;0.0;2.9103830456733704E-11;0.0;1.9429262880808855E-16;0.0;1.9863658643161184E-16;1.1291841440000001;7.242280592;57.4428088;0.201409888;0.0;;;
9.094947017729282E-13;0.0;2.9103830456733704E-11;0.0;1.8696936344816708E-16;0.0;0.0;1.906084770317567E-16;1.207155712;11.333230704;58.217419536;1.066015104;0.0;;;
0.0;0.0;2.9103830456733704E-11;0.0;1.9128479250980626E-16;0.0;0.0;0.0;1.194824688;7.71598672;63.990196592000004;2.382004128;0.0;;;
7.275957614183426E-12;0.0;1.0186340659856796E-9;2.9103830456733704E-11;6.6054560965066444E-15;1.8872731826687215E-16;0.0;3.319040003338989E-16;1.3794760640000001;7.4353864640000005;118.63748744;2.59488808;0.0;;;
7.275957614183426E-12;0.0;0.0;2.9103830456733704E-11;0.0;1.9150727459777807E-16;0.0;1.6679316451642177E-16;1.378723536;6.151208448;61.269175008000005;0.26775676800000003;0.0;;;
7.275957614183426E-12;0.0;2.9103830456733704E-11;0.0;1.8708036538288452E-16;0.0;0.0;1.7987295682479257E-16;1.362829504;6.100593216;58.728314512000004;60.106811888;0.0;;;
1.3642420526593924E-12;2.9103830456733704E-11;2.9103830456733704E-11;37.38212616322562;1.8191506959854001E-16;2.3365900702796653E-4;1.8191507073561001E-16;7.508307092052652E-16;1.323971904;6.572630736000001;126.09854356800001;0.26846824;0.0;;;
9.094947017729282E-13;0.0;0.0;687.6123687692161;0.0;0.004344621866960887;0.0;1.7129896066842357E-16;1.164832832;6.355040576;49.292213024000006;10.671777168;0.0;;;
3.637978807091713E-12;26368.47942634931;26462.479426349848;26462.479426349324;0.19314015975726367;0.1931401611669207;0.19245408882815052;1.3805008648312973E-16;0.026919360000000003;1803.7524537600002;202.62306806400002;60.10804356800001;0.0;;;
0.0;12855.216265189825;12856.406967897521;15050.29989293011;0.09446408228525852;0.11058398987367174;0.09445533413997954;0.0;0.01397784;19.767101888000003;160.26688315200002;0.49890808000000003;0.0;;;
0.0;1.4551915228366852E-11;0.0;0.2928970212378772;0.0;2.3615737180297513E-6;1.173293617158301E-16;0.0;0.00875768;11.945513952;96.49551260800001;0.294413824;0.0;;;
9.094947017729282E-13;1.4551915228366852E-11;9.604264050722122E-10;2.9103830456733704E-11;7.63653409224546E-15;2.314101258474244E-16;1.157050629237122E-16;2.1457849893413251E-16;0.009560736;9.449711376;99.375447488;1.080158288;0.0;;;
0.0;0.0;1.4551915228366852E-11;47.456736980733695;1.1213333297184653E-16;3.6568946747645104E-4;0.0;0.0;0.012826512;9.911425296;134.33467107200002;0.270083632;0.0;;;
0.0;0.0;2.9103830456733704E-11;2794.7976462429215;2.272351648978079E-16;0.021821055819530116;0.0;0.0;0.009032608000000001;7.480976064;121.64005136;2.845235504;0.0;;;
7.275957614183426E-12;2.9103830456733704E-11;9.89530235528946E-10;11.999999999956344;7.92924781706734E-15;9.61577232817531E-5;2.3321317295898656E-16;1.6578147073645836E-16;0.012529264;9.329496944;120.30340945600001;1.8062187040000002;0.0;;;
0.0;0.0;2.9103830456733704E-11;1852.1449182382785;2.4524816740049775E-16;0.015607400938548054;0.0;0.0;0.018947984;8.49281288;100.071302128;0.34223430400000004;0.0;;;
9.094947017729282E-13;0.0;0.0;24.000000000014552;0.0;2.0027949309815813E-4;0.0;1.3363102880933215E-16;0.042989184;9.287852144;102.68180382400001;0.294204096;0.0;;;
1.8189894035458565E-12;1.4551915228366852E-11;9.89530235528946E-10;14.000000000014552;8.05077669712848E-15;1.1390341662140127E-4;1.183937759210186E-16;2.18652628065868E-16;0.018132640000000002;9.79531472;105.43640190400001;1.944530064;0.0;;;
0.0;0.0;2.9103830456733704E-11;90.48281786037842;2.31268668668782E-16;7.190064215554722E-4;0.0;0.0;0.028871328;16.491289296;96.03948104000001;0.24061728000000002;0.0;;;
7.275957614183426E-12;1.4551915228366852E-11;1.4551915228366852E-11;3.632441283596563;1.180325307080294E-16;2.946321732228514E-5;1.1803253166540703E-16;1.6679316451642177E-16;0.038738624;9.226018208000001;109.36482241600001;60.105693552000005;0.0;;;
0.0;1.4551915228366852E-11;1.4551915228366852E-11;0.0;1.2518476603751457E-16;0.0;1.2518476711443302E-16;0.0;0.050785584;13.96339616;100.55450537600001;2.668123472;0.0;;;
0.0;0.0;1.4551915228366852E-11;4.090757019788725;1.1955920357972682E-16;3.360984775317258E-5;0.0;0.0;0.07508606400000001;9.915296000000001;156.881751632;0.999559968;0.0;;;
0.0;0.0;1.4551915228366852E-11;5.820766091346741E-11;1.174096037335343E-16;4.696384187233333E-16;0.0;0.0;0.06991328000000001;7.28424864;107.929542272;0.304221936;0.0;;;
3.637978807091713E-12;0.0;9.89530235528946E-10;4.000000000014552;8.073700384944153E-15;3.263649825326304E-5;0.0;1.941564298840751E-16;0.069926192;9.92631352;119.458931344;1.82235512;0.0;;;
0.0;1.4551915228366852E-11;4.3655745685100555E-11;1804.060528950009;3.7992856385517237E-16;0.01570043349576206;1.2664285572054213E-16;0.0;0.077378192;8.844336448;168.16055812800002;0.19430616;0.0;;;
0.0;0.0;4.3655745685100555E-11;186.28567939531058;3.579466838430091E-16;0.0015274127308397647;0.0;0.0;0.08939592;9.772763024000001;152.57257096;1.9882165600000001;0.0;;;
0.0;1.4551915228366852E-11;2.9103830456733704E-11;9.999999999970896;2.320035029943783E-16;7.971579726869227E-5;1.1600175242190639E-16;0.0;0.064784144;9.604503744;102.106025552;2.9033302080000003;0.0;;;
0.0;1.4551915228366852E-11;1.0331859812140465E-9;19.999999999796273;8.18421114111676E-15;1.5842667931375524E-4;1.152705803654455E-16;0.0;0.048852176000000004;9.818656928000001;127.78342385600001;0.249729264;0.0;;;
20.0;1.4551915228366852E-11;1.4551915228366852E-11;25.915223931267974;1.1602701648388942E-16;2.066302676344732E-4;1.160270174090095E-16;7.774746501909224E-4;0.035855856000000005;10.050120656;155.94515736;0.28350420800000004;0.0;;;
7.275957614183426E-12;0.0;1.0040821507573128E-9;1.4551915228366852E-11;7.938111129856555E-15;1.1504508974802867E-16;0.0;1.6679316451642177E-16;0.024846624;10.513779312;100.262170912;6.117010128;0.0;;;
0.0;0.0;1.0040821507573128E-9;1.4551915228366852E-11;7.822689898895656E-15;1.133723182585702E-16;0.0;0.0;0.026872064;10.122443104;149.431245072;0.23992225600000003;0.0;;;
1.8189894035458565E-12;0.0;1.4551915228366852E-11;1130.6926736056193;1.1574835213869868E-16;0.008993717509502423;0.0;5.06439845963912E-16;0.021343648;13.256098848;93.984173696;1.6881792320000002;0.0;;;
9.094947017729282E-13;1.4551915228366852E-11;2.9103830456733704E-11;0.0;2.2365277114167736E-16;0.0;1.118263864301854E-16;1.6946554725271433E-16;0.030681792000000003;10.17068152;96.044907744;1.8010467520000002;0.0;;;
3.637978807091713E-12;1.4551915228366852E-11;2.9103830456733704E-11;791.6161383044673;2.2221012804177117E-16;0.006044054065567829;1.1110506486918184E-16;1.1687425555110997E-16;0.037619616;10.068270400000001;97.790760352;0.328995344;0.0;;;
0.0;0.0;1.0186340659856796E-9;17.999999999941792;7.39413553309267E-15;1.3065971874066934E-4;0.0;0.0;0.025644176;10.248115856;93.680104;0.29843952;0.0;;;
0.0;0.0;2.9103830456733704E-11;0.0;2.1547996264632402E-16;0.0;0.0;0.0;0.036173472000000005;9.845493552;150.28373172800002;0.586731648;0.0;;;
3.183231456205249E-12;0.0;0.0;1.9999999999417923;0.0;1.4150440052955411E-5;0.0;1.833795270676384E-15;0.052995552;9.807833968;95.342781488;0.261806832;0.0;;;
4.18367562815547E-10;0.0;5.820766091346741E-11;91.4955637466046;4.1402439514451613E-16;6.507974227714748E-4;0.0;1.1808465603499542E-13;0.06156392;6.06286064;91.286620432;2.3734520800000003;0.0;;;
3.637978807091713E-12;0.0;0.0;0.0;0.0;0.0;0.0;1.1974728166932737E-16;0.11975848000000001;9.977585584;93.713060416;6.445586544;0.0;;;
0.0;0.0;2.9103830456733704E-11;2.9103830456733704E-11;1.994747581481772E-16;1.9947475951535733E-16;0.0;0.0;0.11973904;14.944647616000001;93.45189689600001;0.356926768;0.0;;;
0.0;0.0;9.604264050722122E-10;2.9103830456733704E-11;6.370564292427984E-15;1.9304740408134263E-16;0.0;0.0;0.15816891200000002;10.536158784000001;91.907948704;0.262839808;0.0;;;
2.6216184778604656E-10;0.0;0.0;2.1827872842550278E-9;0.0;1.4299366789362072E-14;0.0;1.689312296601666E-13;0.276202928;8.258126032;92.030594608;1.985391184;0.0;;;
0.0;2.9103830456733704E-11;0.0;2.9103830456733704E-11;0.0;1.9888184197309505E-16;1.9888184197309505E-16;0.0;0.401011744;8.236929632;94.42846387200001;0.226172336;0.0;;;
10.789736127750075;2.9103830456733704E-11;5.820766091346741E-11;2.9103830456733704E-11;3.885852550220427E-16;1.9429262880808855E-16;1.9429262880808855E-16;3.0335062863681266E-4;0.5804608;8.215706208;93.00318804800001;1.21967624;0.0;;;
7.275957614183426E-12;0.0;9.604264050722122E-10;1.1641532182693481E-10;6.1699889937895135E-15;7.478774585971965E-16;0.0;1.6679316451642177E-16;0.6534692000000001;14.017155184000002;99.145554192;2.372676432;0.0;;;
7.275957614183426E-12;0.0;0.0;0.0;0.0;0.0;0.0;1.5463822978863765E-16;0.807028576;8.681303312;107.60864497600001;0.273764736;0.0;;;
2.2737367544323206E-13;2.9103830456733704E-11;2.9103830456733704E-11;4.0;1.8872731704304697E-16;2.5938485114175977E-5;1.8872731826687215E-16;1.6489072184476523E-16;0.8432710880000001;9.269759456000001;96.682335088;0.24943248;0.0;;;
1.8189894035458565E-12;0.0;0.0;1.9999999998544808;0.0;1.3160279700539237E-5;0.0;8.607393565407324E-16;0.79603376;14.005657280000001;100.92770616;0.79561464;0.0;;;
7.275957614183426E-12;0.0;2.9103830456733704E-11;2.9103830456733704E-11;1.8708036538288452E-16;1.8708036658544316E-16;0.0;2.1977218797714064E-16;0.856135072;13.329291664000001;94.12564742400001;0.264447296;0.0;;;
7.275957614183426E-12;0.0;8.731149137020111E-11;2.9103830456733704E-11;5.4574520879562E-16;1.8191507073561001E-16;0.0;1.6679316451642177E-16;0.8112842400000001;13.793599728;91.91979260800001;1.05554104;0.0;;;
7.275957614183426E-12;0.0;9.89530235528946E-10;7.1907027071283665;6.252264891379827E-15;4.5433860179280964E-5;0.0;1.5363056974763924E-16;0.69809776;10.202395296;92.75768347200001;4.082408272;0.0;;;
0.0;42269.697474202054;42373.697474229455;42373.69747420204;0.3092704416627494;0.3092704439198035;0.30851138516201543;0.0;0.056209008000000005;1805.5650562720002;199.7038904;0.305659616;0.0;;;
2.2737367544323206E-12;28664.91781938552;28666.561966486435;28704.420938870186;0.21063120319692902;0.21090937835230367;0.21061912416493542;1.2931447913531655E-15;0.040613984000000006;1807.3605953120002;207.16455243200002;0.286875264;0.0;;;
0.0;4778.834485945248;4741.171139647835;4834.7144923804735;0.03822717287624387;0.038981395683469554;0.038530845677863364;0.0;0.011695312000000001;13.162556144000002;144.32440176;2.014269504;0.0;;;
0.0;1.4551915228366852E-11;2.9103830456733704E-11;91.92121248920739;2.3141012400743817E-16;7.30883152367106E-4;1.157050629237122E-16;0.0;0.010487024000000001;11.978352992000001;146.54438248;0.19849761600000002;0.0;;;
0.0;1.4551915228366852E-11;0.0;798.2353566364472;0.0;0.006150997330637469;1.1213333383591728E-16;0.0;0.0063804000000000005;13.544656688000002;147.42097776;2.5896255040000002;0.0;;;
22.004084042322575;0.0;2.9103830456733704E-11;935.5493772422342;2.272351648978079E-16;0.0073045271131429185;0.0;0.0021477331703197416;0.007379072;15.33895728;139.98476988800002;2.7261806880000004;0.0;;;
1.8189894035458565E-12;1.4551915228366852E-11;0.0;2.9103830456733704E-11;0.0;2.3321317295898656E-16;1.1660658647949328E-16;1.1910742635127823E-15;0.010248960000000001;14.459724368000002;143.70419180800002;0.28065544000000003;0.0;;;
3.999999999992724;1.4551915228366852E-11;4.3655745685100555E-11;165.7533227299573;3.678722511007466E-16;0.0013967473815189762;1.226240847335607E-16;1.082553959248693E-4;0.017541488;14.418956976;194.19082532800002;0.29804313600000004;0.0;;;
7.275957614183426E-12;0.0;4.3655745685100555E-11;0.0;3.6430627265273607E-16;0.0;0.0;1.6679316451642177E-16;0.060448336000000005;14.016270576;151.796732048;2.1356088;0.0;;;
7.275957614183426E-12;0.0;1.076841726899147E-9;1.4551915228366852E-11;8.761139346875111E-15;1.183937759210186E-16;0.0;1.509015879737797E-16;0.051380208000000004;14.702385840000002;203.957822784;0.18220544000000002;0.0;;;
1194.9371684825082;1.4551915228366852E-11;1.0477378964424133E-9;907.0163236752123;8.325672072076152E-15;0.007207451940593077;1.1563433525325968E-16;0.2516144050510781;0.07585449600000001;14.01926976;170.073688768;3.293468176;0.0;;;
4.547473508864641E-13;1.4551915228366852E-11;4.3655745685100555E-11;23.999999999970896;3.5409759212408817E-16;1.9466721153269488E-4;1.1803253166540703E-16;1.114972741811666E-16;0.096595184;11.627698912000001;147.853128416;1.6066297760000001;0.0;;;
7.275957614183426E-12;0.0;4.3655745685100555E-11;1.4551915228366852E-11;3.755542981125437E-16;1.2518476711443302E-16;0.0;1.8254534380922655E-16;0.07429152;9.802226128000001;149.438740896;0.22129785600000001;0.0;;;
0.0;0.0;0.0;25.999999999985448;0.0;2.13617195388234E-4;0.0;0.0;0.149063136;10.960009920000001;191.29878816000002;0.291958816;0.0;;;
0.0;0.0;0.0;930.0319914650026;0.0;0.007503801853214131;0.0;0.0;0.0908748;19.675038368000003;209.34660704;0.643805696;0.0;;;
9.094947017729282E-13;0.0;0.0;4.3655745685100555E-11;0.0;3.561926669478741E-16;0.0;1.906084770317567E-16;0.13225320000000002;10.145029968000001;143.470645072;0.20532792000000002;0.0;;;
3.524291969370097E-12;0.0;0.0;3850.7772301291116;0.0;0.03351266259554214;0.0;5.1722714979334704E-15;0.151825456;9.761724000000001;220.005956064;1.93432296;0.0;;;
7.275957614183426E-12;0.0;4.3655745685100555E-11;1.4551915228366852E-11;3.579466838430091E-16;1.193155622593075E-16;0.0;1.701113247034544E-16;0.06180457600000001;12.501186848000001;147.017489488;1.634114368;0.0;;;
0.0;0.0;0.0;0.0;0.0;0.0;0.0;0.0;0.07868182400000001;12.650136976;157.545725024;0.33089817600000004;0.0;;;
0.0;0.0;0.0;0.0;0.0;0.0;0.0;0.0;0.13840608000000001;9.538644336;200.16017926400002;0.238721392;0.0;;;
4.547473508864641E-13;1.4551915228366852E-11;2.9103830456733704E-11;1.2650667826965218;2.3205403296777885E-16;1.0086777122873756E-5;1.160270174090095E-16;1.1395293869758327E-16;0.123316512;9.466680496;167.907090576;14.289078880000002;0.0;;;
3.524291969370097E-12;0.0;1.4551915228366852E-11;3.2014213502407074E-10;1.150450888385008E-16;2.530991974456631E-15;0.0;5.849143759159566E-15;0.16804422400000002;10.623504064;168.760908832;0.18556371200000002;0.0;;;
1471.7981171345527;0.0;2.9103830456733704E-11;1.4551915228366852E-11;2.2674463475059873E-16;1.133723182585702E-16;0.0;0.038646589949796056;0.237831232;17.522732528000002;167.308076736;1.9500177600000002;0.0;;;
0.0;1.4551915228366852E-11;5.820766091346741E-11;3631.6553692022135;4.629934085547947E-16;0.028886790588566972;1.1574835305938031E-16;0.0;0.183756896;12.727445984000001;271.07882712;1.420086176;0.0;;;
0.0;0.0;2.9103830456733704E-11;2.9103830456733704E-11;2.2365277114167736E-16;2.236527728603708E-16;0.0;0.0;0.20777772800000002;13.55093968;153.28431193600002;0.309541392;0.0;;;
0.0;0.0;5.820766091346741E-11;7.955957341386238;4.444202560835423E-16;6.074438605772211E-5;0.0;0.0;0.16531888;13.508823184;214.19220484800002;0.262812464;0.0;;;
4.547473508864641E-13;0.0;9.89530235528946E-10;7.999999999970896;7.182874517861451E-15;5.8070986106940676E-5;0.0;1.6744208032983715E-16;0.19423937600000002;13.372097008;210.494317168;1.112592864;0.0;;;
19.264149514652672;0.0;0.0;273.1079279674159;0.0;0.0020220460890888773;0.0;4.2743827905676704E-4;0.176166656;14.032429744000002;139.501255648;0.221654592;0.0;;;
0.0;0.0;9.89530235528946E-10;7.999999999941792;7.001144089888725E-15;5.660176021305714E-5;0.0;0.0;0.18854484800000001;13.664487808;147.109842896;1.369542528;0.0;;;
0.0;2.9103830456733704E-11;2.9103830456733704E-11;2.9103830456733704E-11;2.0701219757225807E-16;2.07012199044712E-16;2.07012199044712E-16;0.0;0.128479552;13.901553024;207.33459304000002;60.119155376;0.0;;;
0.0;0.0;2.9103830456733704E-11;77.17697206386947;2.0641547137195083E-16;5.47368539831602E-4;0.0;0.0;0.149437488;14.198093824;219.294927776;0.32600628800000003;0.0;;;
27.82485036099945;0.0;0.0;51.069501032005064;0.0;3.5002528110768103E-4;0.0;0.04410902142004113;0.20222483200000002;13.548857360000001;206.64327297600002;0.333035056;0.0;;;
1.4551915228366852E-11;0.0;9.313225746154785E-10;0.5222388663387392;6.1775168896271354E-15;3.464040845309111E-6;0.0;3.1945876161956466E-16;0.18446652800000002;14.438576928000002;195.483453488;1.4553444640000002;0.0;;;
0.0;2.9103830456733704E-11;2.9103830456733704E-11;0.7263988841150422;1.9065822260916528E-16;4.758614893108715E-6;1.9065822385816094E-16;0.0;0.19357902400000002;13.791994544000001;208.863365648;0.224718304;0.0;;;
0.0;0.0;0.0;398.8414118827495;0.0;0.0027254939781316116;0.0;0.0;0.13457548800000002;18.441795120000002;232.89375504;2.500788544;0.0;;;
26.0;0.0;2.9103830456733704E-11;3853.2285958984867;1.9429262751102134E-16;0.025723552589016756;0.0;0.0024769523352750344;0.12181251200000001;20.659931632000003;204.627255248;60.11459088;0.0;;;
9.094947017729282E-13;0.0;5.820766091346741E-11;1.1219082046591211;3.7393872689633415E-16;7.207383390024502E-6;0.0;1.712989606684236E-16;0.145628368;18.245984624000002;139.71994304;0.7856092480000001;0.0;;;
0.0;0.0;0.0;615.893591820437;0.0;0.004047957840770978;0.0;0.0;0.12070630400000001;17.917678048000003;204.065761952;0.33624488;0.0;;;
2.1827872842550278E-11;0.0;0.0;9.022187441587448E-10;0.0;5.850546866273036E-15;0.0;4.948206036481618E-16;0.11420540800000001;13.921056016000001;155.02256438400002;3.5488117600000004;0.0;;;
0.0;0.0;0.0;2244.31198551337;0.0;0.014767886733388762;0.0;0.0;0.0835284;18.393879872;261.57183536;0.251408736;0.0;;;
0.0;2.9103830456733704E-11;2.9103830456733704E-11;13.999999999970896;1.8708036538288452E-16;8.999245429512791E-5;1.8708036658544316E-16;0.0;0.055566912;18.887356656;146.760482704;2.853728224;0.0;;;
1.9999999999990905;0.0;2.9103830456733704E-11;2.9103830456733704E-11;1.8191506959854001E-16;1.8191507073561001E-16;0.0;0.21276595744671176;0.088070272;23.412861584;154.05110656000002;0.717571312;0.0;;;
7.275957614183426E-12;0.0;2.9103830456733704E-11;6.000000000960426;1.8389014386411257E-16;3.791050363535148E-5;0.0;1.4773118562555415E-16;0.15735985600000002;12.874768768000001;147.188194528;0.30641545600000003;0.0;;;
0.0;23831.119237657113;23929.11923765714;23930.169842463336;0.174650071066648;0.17465774032961706;0.1739348054349788;0.0;0.037874160000000004;1807.0236836640001;431.436113856;0.30233211200000004;0.0;;;
0.0;8710.926276270548;8712.300463263775;9543.73712114121;0.06401473365853125;0.07012382056632854;0.06400463711543111;0.0;0.021002368;38.992863664000005;281.16874856000004;3.3012865760000003;0.0;;;
116.16303043411654;0.0;1.4551915228366852E-11;1783.904606264201;1.1732936076982549E-16;0.014383288077908764;0.0;0.03887831494809722;0.011103968;12.83042176;199.94867897600002;0.243788048;0.0;;;
4.547473508864641E-13;1.4551915228366852E-11;9.89530235528946E-10;1637.4245582156145;7.867944216252898E-15;0.013019476032395224;1.157050629237122E-16;1.1816812688285192E-16;0.01384248;14.447088848000002;303.1254816;2.114584416;0.0;;;
0.0;0.0;1.0186340659856796E-9;121.55031619322835;7.849333308029256E-15;9.366356228482677E-4;0.0;0.0;0.041150832000000005;14.657762816000002;195.022789648;1.953905232;0.0;;;
7.275957614183426E-12;1.4551915228366852E-11;1.4551915228366852E-11;2.9103830456733704E-11;1.1361758244890395E-16;2.272351666720012E-16;1.136175833360006E-16;1.6679316451642177E-16;0.027984912;13.800079920000002;192.348508624;0.33857126400000004;0.0;;;
0.0;1.4551915228366852E-11;4.3655745685100555E-11;1.0331859812140465E-9;3.4981975663532387E-16;8.279067640044023E-15;1.1660658647949328E-16;0.0;0.041272672;11.98406856;186.25667177600002;0.29371283200000003;0.0;;;
0.0;2.9103830456733704E-11;4.3655745685100555E-11;2.9103830456733704E-11;3.678722511007466E-16;2.452481694671214E-16;2.452481694671214E-16;0.0;0.057314048000000006;12.275129088;176.579281008;0.283097088;0.0;;;
0.0;1.4551915228366852E-11;2.9103830456733704E-11;9.89530235528946E-10;2.4287084843515736E-16;8.257608915704923E-15;1.2143542523095475E-16;0.0;0.07551094400000001;13.866326784000002;247.98189024;0.254220176;0.0;;;
0.0;0.0;1.0477378964424133E-9;1.4551915228366852E-11;8.524351796959568E-15;1.183937759210186E-16;0.0;0.0;0.09698244800000001;13.425829488000002;189.27114814400002;1.570766976;0.0;;;
0.0;0.0;2.9103830456733704E-11;4.3655745685100555E-11;2.31268668668782E-16;3.469030057597791E-16;0.0;0.0;0.11030928000000001;21.404065312;186.31840528;2.739672736;0.0;;;
0.0;1.4551915228366852E-11;1.4551915228366852E-11;1.4551915228366852E-11;1.180325307080294E-16;1.1803253166540703E-16;1.1803253166540703E-16;0.0;0.11924704000000001;12.914020544000001;196.49810345600002;0.30643958400000004;0.0;;;
31.163107473894343;2.9103830456733704E-11;1.4551915228366852E-11;895.7188788769708;1.2518476603751457E-16;0.007705539614031885;2.5036953422886603E-16;0.003312057694046827;0.10013500800000001;12.622663520000001;185.81416736;0.318910848;0.0;;;
0.0;1.4551915228366852E-11;0.0;1.4551915228366852E-11;0.0;1.1955920456203075E-16;1.1955920456203075E-16;0.0;0.12775017600000002;12.251132544;185.717767056;2.227959872;0.0;;;
0.0;0.0;1.4551915228366852E-11;1.4551915228366852E-11;1.174096037335343E-16;1.1740960468083333E-16;0.0;0.0;0.082146832;12.503814736;194.275117888;0.29305040000000004;0.0;;;
0.0;1.4551915228366852E-11;1.4551915228366852E-11;0.0;1.187308880138846E-16;0.0;1.187308889826247E-16;0.0;0.077217856;12.460370352;200.56534424;12.98728696;0.0;;;
0.0;0.0;0.0;167.70916743682756;0.0;0.0014595445040328238;0.0;0.0;0.181864448;12.631415184000002;228.376891472;4.3336811520000005;0.0;;;
531.0068563628947;0.0;2.9103830456733704E-11;8.015517057079705;2.386311225620061E-16;6.572165309211109E-5;0.0;0.19581846268005948;0.303930496;12.634101696;286.074523408;0.31193633600000004;0.0;;;
9.094947017729282E-13;1.4551915228366852E-11;1.0040821507573128E-9;4.511093720793724E-10;8.004120853306053E-15;3.596054325079098E-15;1.1600175242190639E-16;1.4494863445844008E-16;0.233981664;13.953513344000001;204.99724776000002;0.33259696;0.0;;;
0.0;1.4551915228366852E-11;1.4551915228366852E-11;1.4551915228366852E-11;1.1527057945234874E-16;1.152705803654455E-16;1.152705803654455E-16;0.0;0.2127532;13.294204784000001;244.854384336;2.442311632;0.0;;;
0.0;1.4551915228366852E-11;0.0;1.4551915228366852E-11;0.0;1.160270174090095E-16;1.160270174090095E-16;0.0;0.261421328;13.021567888000002;211.631641328;0.302266704;0.0;;;
0.0;0.0;0.0;100.87973177117237;0.0;7.975388540436188E-4;0.0;0.0;0.29249736000000004;20.291531008;248.444800896;2.364329664;0.0;;;
4.547473508864641E-13;2.9103830456733704E-11;0.0;122.16684293984144;0.0;9.517879936120874E-4;2.267446365171404E-16;1.1998255106807597E-16;0.270510784;13.164440688000001;301.691731248;8.897239136000001;0.0;;;
6.821210263296962E-13;1.4551915228366852E-11;2.9103830456733704E-11;1.4551915228366852E-11;2.3149670427739736E-16;1.1574835305938031E-16;1.1574835305938031E-16;8.647578934200003E-16;0.298224704;13.726876752;194.89007843200002;0.34226152000000004;0.0;;;
0.0;0.0;4.3655745685100555E-11;1.4551915228366852E-11;3.35479156712516E-16;1.118263864301854E-16;0.0;0.0;0.303797264;13.378945456;203.69985676800002;0.27581952000000004;0.0;;;
0.0;1.4551915228366852E-11;2.9103830456733704E-11;0.0;2.2221012804177117E-16;0.0;1.1110506486918184E-16;0.0;0.258918912;13.292956752;192.75038739200002;0.30109648;0.0;;;
0.0;2.9103830456733704E-11;9.89530235528946E-10;2.9103830456733704E-11;7.182874517861451E-15;2.1126101676473605E-16;2.1126101676473605E-16;0.0;0.30661475200000005;14.681645264;185.186086592;0.273953712;0.0;;;
189.5033073085824;0.0;2.9103830456733704E-11;5.820766091346741E-11;2.1547996264632402E-16;4.309599284834043E-16;0.0;0.027002501631012563;0.25266329600000004;14.446476784000001;193.90227712;23.394716656;0.0;;;
1.8189894035458565E-12;0.0;9.89530235528946E-10;24.10875224263873;7.001144089888725E-15;1.705747266854712E-4;0.0;0.0;0.26697390400000004;15.032858512;266.486257056;2.9836752800000004;0.0;;;
0.0;0.0;5.820766091346741E-11;5.529727786779404E-10;4.1402439514451613E-16;3.9332317818495285E-15;0.0;1.6679316451642177E-16;0.377726496;14.569819936;232.20528628800002;0.31948073600000004;0.0;;;
7.275957614183426E-12;0.0;2.9103830456733704E-11;38.2236566603824;2.0641547137195083E-16;2.7109676077863217E-4;0.0;0.0;0.271783696;15.144735488;244.173149088;0.280608768;0.0;;;
0.0;0.0;8.731149137020111E-11;25.999999999941792;5.984242744445316E-16;1.7820141424675337E-4;0.0;9.393857238241714E-4;0.331261872;22.808214848000002;254.124789584;0.371508304;0.0;;;
11.15277551629697;0.0;5.820766091346741E-11;149.1209979785781;3.8609480560169597E-16;9.8912827287733E-4;0.0;1.2028391973198998E-5;0.315446848;21.25478;301.066527824;0.253966256;0.0;;;
0.08031935067447193;0.0;2.9103830456733704E-11;49.37981558046886;1.9065822260916528E-16;3.2348552700002E-4;0.0;0.0;0.26369288;20.23866344;322.04263184;1.329651904;0.0;;;
0.0;0.0;0.0;892.4519514644053;0.0;0.0060985954492687065;0.0;0.0;0.24977532800000002;12.555496128000001;279.78610504;60.110407344;0.0;;;
0.0;0.0;1.1641532182693481E-10;17.8281794814975;7.771705100440854E-16;1.1901814310910205E-4;0.0;0.0;0.305034064;13.51029976;249.92207238400002;0.341546336;0.0;;;
0.0;0.0;5.820766091346741E-11;25.46913365923683;3.7393872689633415E-16;1.6361927841473614E-4;0.0;1.9988455237751438E-16;0.261346768;13.642714928;257.03454678400004;0.2952824;0.0;;;
1.8189894035458565E-12;0.0;0.0;0.0;0.0;0.0;0.0;1.7697203879454547E-16;0.306890048;12.344561632000001;251.318710272;0.323219168;0.0;;;
2.8421709430404007E-14;0.0;5.820766091346741E-11;108.52750707275118;3.7745463408609395E-16;7.037597816712961E-4;0.0;0.0;0.22295264;13.280149040000001;238.83260419200002;0.286287136;0.0;;;
0.0;0.0;5.820766091346741E-11;1780.704292312119;3.830145466752669E-16;0.011717283276241679;0.0;0.0;0.26488340800000004;14.117143376000001;243.262492752;60.091009824000004;0.0;;;
0.0;2.9103830456733704E-11;5.820766091346741E-11;9.999999999941792;3.7416073076576904E-16;6.42803244962794E-5;1.8708036658544316E-16;0.0;0.320222832;12.846289808000002;212.2274992;3.5384420640000003;0.0;;;
0.0;0.0;2.9103830456733704E-11;31.917766766418936;1.8191506959854001E-16;1.9950373225502364E-4;0.0;0.0010020482987490044;0.262775824;12.683487584000002;203.379800496;0.26721363200000003;0.0;;;
14.0;0.0;0.0;128.52746629380272;0.0;8.120901628989617E-4;0.0;0.001066805576295026;0.21832868800000002;13.254069888;249.387067104;0.28005841600000003;0.0;;;
18.000000000512955;;;;;;;8.680182693261901E-4;;;;0.27698472;;;;
22.000000000010914;;;;;;;9.029506850857054E-4;;;;0.295836272;;;;
20.0;;;;;;;0.0019060024592883302;;;;7.031446000000001;;;;
22.00000000000182;;;;;;;0.0015842359419101974;;;;3.6827922080000004;;;;
24.000000000514774;;;;;;;1.8138706054500005E-16;;;;0.289812736;;;;
3.637978807091713E-12;;;;;;;1.4172998425339894E-5;;;;0.308313824;;;;
0.41581530782059417;;;;;;;8.690708529637987E-6;;;;0.30106352000000003;;;;
0.23109838593154564;;;;;;;1.0219374510757792E-4;;;;0.304374752;;;;
1.3821261631619564;;;;;;;0.0;;;;1.2912155200000002;;;;
0.0;;;;;;;0.0;;;;60.099004496000006;;;;
0.0;;;;;;;0.015878258363868112;;;;0.351044944;;;;
526.382894221777;;;;;;;0.0025877973087871675;;;;0.408271408;;;;
80.3179312034772;;;;;;;4.618247880278631E-5;;;;0.345126992;;;;
0.7126620454837393;;;;;;;1.790350141863184E-16;;;;0.31452216;;;;
3.637978807091713E-12;;;;;;;0.0614981881462384;;;;1.361937696;;;;
1469.613221416359;;;;;;;0.0;;;;1.779430816;;;;
0.0;;;;;;;0.0;;;;0.332429904;;;;
0.0;;;;;;;0.0;;;;0.294908064;;;;
0.0;;;;;;;0.0;;;;0.28789515200000004;;;;
0.0;;;;;;;1.6263300478136603E-16;;;;0.22292745600000002;;;;
3.637978807091713E-12;;;;;;;0.0;;;;1.6938295360000002;;;;
0.0;;;;;;;1.8963543275104687E-16;;;;60.102000368000006;;;;
7.275957614183426E-12;;;;;;;2.39668417258348E-16;;;;0.33982974400000004;;;;
3.637978807091713E-12;;;;;;;2.448631831013198E-16;;;;0.31798529600000003;;;;
3.637978807091713E-12;;;;;;;0.0652264847585891;;;;0.358560608;;;;
1493.7336471812232;;;;;;;0.0;;;;0.276186256;;;;
0.0;;;;;;;1.7426708340411277E-16;;;;2.38921872;;;;
7.275957614183426E-12;;;;;;;0.0;;;;60.129613712;;;;
0.0;;;;;;;0.0;;;;0.32633091200000003;;;;
0.0;;;;;;;0.0;;;;0.30778467200000004;;;;
0.0;;;;;;;1.6760946945824718E-16;;;;0.35991332800000003;;;;
7.275957614183426E-12;;;;;;;1.6210504841888295E-16;;;;0.34481704;;;;
7.275957614183426E-12;;;;;;;1.77132952510773E-16;;;;60.11872132800001;;;;
1.8189894035458565E-12;;;;;;;0.0;;;;2.46578016;;;;
0.0;;;;;;;1.539551684712851E-16;;;;0.275479888;;;;
1.8189894035458565E-12;;;;;;;0.0;;;;0.332049296;;;;
0.0;;;;;;;0.0;;;;0.27817472000000004;;;;
0.0;;;;;;;0.0;;;;0.297553184;;;;
0.0;;;;;;;0.0;;;;1.9301910080000002;;;;
0.0;;;;;;;3.213986521247497E-16;;;;6.195786192000001;;;;
3.637978807091713E-12;;;;;;;0.0;;;;0.366186304;;;;
0.0;;;;;;;0.0;;;;0.26129272000000003;;;;
0.0;;;;;;;1.5012884152519324E-16;;;;0.273792576;;;;
9.094947017729282E-13;;;;;;;0.0;;;;1.9778827680000002;;;;
0.0;;;;;;;8.131850903709182E-4;;;;61.736158592;;;;
13.999999999996362;;;;;;;0.0;;;;61.661029984;;;;
0.0;;;;;;;3.062849576527914E-16;;;;31.619741824000002;;;;
1.4551915228366852E-11;;;;;;;0.0;;;;27.434090208;;;;
0.0;;;;;;;0.0;;;;34.175602448;;;;
0.0;;;;;;;2.186826792518113E-16;;;;1.99074224;;;;
3.637978807091713E-12;;;;;;;0.0;;;;17.564109136000003;;;;
0.0;;;;;;;1.401195199329898E-16;;;;9.603817184;;;;
7.275957614183426E-12;;;;;;;1.1983970105000726E-16;;;;4.088362224;;;;
4.547473508864641E-13;;;;;;;1.2520644902245983E-16;;;;9.2657808;;;;
4.547473508864641E-13;;;;;;;2.5955531816922465E-16;;;;4.899930432000001;;;;
3.637978807091713E-12;;;;;;;0.0;;;;1.81065816;;;;
0.0;;;;;;;1.3784032840589187E-16;;;;1.8805964800000001;;;;
7.275957614183426E-12;;;;;;;0.0;;;;3.8828601120000004;;;;
0.0;;;;;;;0.0;;;;4.387156912;;;;
0.0;;;;;;;0.0;;;;5.072055424;;;;
0.0;;;;;;;0.0;;;;6.571094080000001;;;;
0.0;;;;;;;0.0;;;;1.9462776320000001;;;;
0.0;;;;;;;0.0;;;;3.325012768;;;;
0.0;;;;;;;0.001733148651554569;;;;2.8554987840000003;;;;
4.068782120001288;;;;;;;0.0010154479343109373;;;;4.235823872;;;;
18.0;;;;;;;1.5741339795443945E-16;;;;1.937171648;;;;
7.275957614183426E-12;;;;;;;1.3404229071398596E-16;;;;5.90997248;;;;
7.275957614183426E-12;;;;;;;0.0;;;;1.852723904;;;;
0.0;;;;;;;0.0;;;;2.20808016;;;;
0.0;;;;;;;2.084260894421725E-15;;;;3.371748288;;;;
4.3655745685100555E-11;;;;;;;0.03072995727980559;;;;2.23568576;;;;
1381.011660568125;;;;;;;1.3289525873216454E-16;;;;2.0213636;;;;
7.275957614183426E-12;;;;;;;0.0;;;;1.9905007680000002;;;;
0.0;;;;;;;0.0;;;;1.7563366880000002;;;;
0.0;;;;;;;0.0;;;;4.313749712;;;;
0.0;;;;;;;1.518554764987603E-16;;;;6.576807552;;;;
7.275957614183426E-12;;;;;;;1.3342373372607944E-16;;;;2.2354093760000002;;;;
7.275957614183426E-12;;;;;;;9.335780776007098E-16;;;;1.94917256;;;;
2.2737367544323206E-13;;;;;;;0.0;;;;1.886221248;;;;
0.0;;;;;;;1.4861227663704006E-16;;;;1.870388576;;;;
1.8189894035458565E-12;;;;;;;0.0;;;;2.828444416;;;;
0.0;;;;;;;0.0;;;;6.328223328;;;;
0.0;;;;;;;0.0;;;;4.794756992;;;;
0.0;;;;;;;0.0;;;;1.885768016;;;;
0.0;;;;;;;0.0;;;;1.978841424;;;;
0.0;;;;;;;0.0;;;;1.883064384;;;;
0.0;;;;;;;1.3015660819063756E-16;;;;12.49883632;;;;
0.0;;;;;;;7.428361736480723E-6;;;;5.0715376800000005;;;;
2.8421709430404007E-14;;;;;;;0.0;;;;3.5268029120000004;;;;
0.02286570725027559;;;;;;;0.0;;;;1.9092900000000002;;;;
0.0;;;;;;;0.0;;;;2.239812032;;;;
0.0;;;;;;;0.0;;;;1.8594434400000002;;;;
0.0;;;;;;;2.3275482086444527E-16;;;;2.826416928;;;;
0.0;;;;;;;0.0;;;;5.735623264;;;;
0.0;;;;;;;0.0;;;;2.4272306240000003;;;;
3.637978807091713E-12;;;;;;;1.2600993507338614E-16;;;;1.8768254880000002;;;;
0.0;;;;;;;0.0;;;;1.9411120800000001;;;;
0.0;;;;;;;0.0;;;;1.974439376;;;;
0.0;;;;;;;1.2043242491175203E-16;;;;4.119805088000001;;;;
0.0;;;;;;;0.0;;;;4.2994544800000005;;;;
1.8189894035458565E-12;;;;;;;0.0;;;;61.73624022400001;;;;
0.0;;;;;;;1.1136150407624398E-16;;;;1.840434528;;;;
0.0;;;;;;;0.0;;;;2.119746;;;;
0.0;;;;;;;0.0;;;;1.771130144;;;;
0.0;;;;;;;0.0;;;;2.897443248;;;;
1.8189894035458565E-12;;;;;;;1.3543625933201065E-16;;;;3.0920999840000003;;;;
0.0;;;;;;;1.290001995399851E-16;;;;2.6113312640000004;;;;
0.0;;;;;;;0.0;;;;2.0136050080000003;;;;
0.0;;;;;;;0.0;;;;1.8257391520000001;;;;
0.0;;;;;;;1.279304712824865E-16;;;;1.922807584;;;;
1.8189894035458565E-12;;;;;;;0.0;;;;2.3851618240000003;;;;
0.0;;;;;;;0.0;;;;4.568838096;;;;
0.0;;;;;;;0.0;;;;2.881701152;;;;
0.0;;;;;;;1.2741074893410541E-16;;;;1.873052656;;;;
0.0;;;;;;;0.0;;;;1.9408037280000001;;;;
1.8189894035458565E-12;;;;;;;0.0;;;;1.8063797760000002;;;;
7.275957614183426E-12;;;;;;;0.0;;;;2.3358589760000004;;;;
0.0;;;;;;;1.3165307056108256E-16;;;;5.238947808000001;;;;
0.0;;;;;;;0.004654659197490208;;;;4.127015072;;;;
0.0;;;;;;;3.715764522363463E-4;;;;1.8249005440000001;;;;
0.0;;;;;;;1.2628348119377783E-16;;;;1.7826409600000002;;;;
7.275957614183426E-12;;;;;;;0.0;;;;1.8546204000000002;;;;
0.0;;;;;;;0.03041067891673921;;;;30.2600608;;;;
0.0;;;;;;;0.0;;;;4.035384656000001;;;;
0.0;;;;;;;0.0;;;;3.9587144160000003;;;;
0.0;;;;;;;0.0;;;;1.8847272640000001;;;;
7.275957614183426E-12;;;;;;;6.847194256805604E-6;;;;1.7397169760000002;;;;
0.0;;;;;;;0.015266092798002888;;;;2.0040442080000003;;;;
0.0;;;;;;;0.0;;;;61.68321700800001;;;;
0.0;;;;;;;0.0;;;;4.376325632;;;;
0.0;;;;;;;0.029249978150196407;;;;5.66176864;;;;
0.0;;;;;;;1.243085974593075E-16;;;;1.896210192;;;;
7.275957614183426E-12;;;;;;;0.0;;;;1.7804600160000001;;;;
0.0;;;;;;;0.0;;;;1.881771952;;;;
40.0;;;;;;;0.003995829000313303;;;;2.3400928640000003;;;;
7.999999999996362;;;;;;;0.07104403599451088;;;;7.2231785120000005;;;;
7.275957614183426E-12;;;;;;;0.0;;;;61.738385808000004;;;;
0.0;;;;;;;0.0;;;;1.877049696;;;;
0.9785722280255875;;;;;;;1.5936401437932467E-16;;;;1.863676512;;;;
0.0;;;;;;;1.1839106612761614E-16;;;;1.9439788480000002;;;;
0.0;;;;;;;0.0;;;;2.7856063840000003;;;;
0.0;;;;;;;0.0;;;;7.581657296;;;;
0.0;;;;;;;0.0;;;;5.040517872000001;;;;
0.0;;;;;;;0.0;;;;1.838330672;;;;
0.022193277986843896;;;;;;;1.1344590036970373E-16;;;;1.9742308640000001;;;;
412.0252038624494;;;;;;;0.0;;;;1.920913024;;;;
0.0;;;;;;;1.4513715214965499E-16;;;;2.27131088;;;;
0.0;;;;;;;0.006297155146779368;;;;35.37940872;;;;
0.0;;;;;;;1.5462116506339809E-16;;;;7.788454752000001;;;;
2.2966347834210694;;;;;;;0.06070137751293754;;;;1.8670052000000001;;;;
3.637978807091713E-12;;;;;;;7.392338808312947E-16;;;;1.9037686720000002;;;;
0.0;;;;;;;0.0;;;;2.021920784;;;;
0.0;;;;;;;1.4680635036365707E-16;;;;5.4345258240000005;;;;
0.0;;;;;;;0.0;;;;11.623862128;;;;
11.692231383577564;;;;;;;0.0;;;;10.1644156;;;;
1820.3914908040533;;;;;;;0.0;;;;2.0326034880000003;;;;
0.0;;;;;;;0.0;;;;1.990285824;;;;
0.0;;;;;;;3.5656274974977053E-16;;;;2.1772863520000003;;;;
0.0;;;;;;;0.0;;;;3.9110212480000004;;;;
9.094947017729282E-13;;;;;;;2.0751951670685596E-16;;;;3.549860208;;;;
3.637978807091713E-12;;;;;;;0.0;;;;3.886127488;;;;
0.0;;;;;;;0.0;;;;1.728768464;;;;
0.0;;;;;;;0.0;;;;1.8315563520000002;;;;
0.0;;;;;;;0.0;;;;1.91785168;;;;
0.0;;;;;;;1.9646584096786907E-16;;;;6.391135008;;;;
3.637978807091713E-12;;;;;;;0.0;;;;13.337664944;;;;
0.0;;;;;;;0.0;;;;10.859841376;;;;
7.275957614183426E-12;;;;;;;0.0;;;;1.6964771200000002;;;;
35.382126163272915;;;;;;;0.0;;;;2.0055956480000003;;;;
9.094947017729282E-13;;;;;;;0.0;;;;1.8300647200000002;;;;
1760.3182114429983;;;;;;;0.0;;;;4.645056272000001;;;;
4.3655745685100555E-11;;;;;;;0.0;;;;3.6161748480000004;;;;
0.0;;;;;;;0.0;;;;3.8753417600000004;;;;
7.105427357601002E-15;;;;;;;0.0;;;;1.9010862400000001;;;;
0.0;;;;;;;0.0;;;;1.83028816;;;;
0.0;;;;;;;0.0;;;;1.9913728480000001;;;;
0.0;;;;;;;0.0;;;;8.150331616;;;;
0.0;;;;;;;0.0;;;;10.887913888;;;;
2.1316282072803006E-14;;;;;;;1.8571688438399628E-16;;;;4.304220656;;;;
0.0;;;;;;;0.0;;;;1.8607156800000002;;;;
7.275957614183426E-12;;;;;;;0.0;;;;2.127773696;;;;
0.0;;;;;;;0.006253327581961939;;;;1.8688077760000001;;;;
0.0;;;;;;;0.05714285714285714;;;;11.967447312000001;;;;
0.0;;;;;;;0.016048279806869792;;;;3.4074118400000004;;;;
0.0;;;;;;;0.0;;;;3.6746969600000003;;;;
7.275957614183426E-12;;;;;;;0.0;;;;1.8232392000000002;;;;
0.0;;;;;;;7.133291778610693E-14;;;;2.196130816;;;;
0.0;;;;;;;9.757846870867172E-4;;;;2.107741936;;;;
0.0;;;;;;;8.956493045094949E-4;;;;16.572571488;;;;
0.0;;;;;;;0.0013952701202324905;;;;61.695402912000006;;;;
0.0;;;;;;;7.638355301329524E-4;;;;12.662823616;;;;
0.0;;;;;;;5.076689888659674E-4;;;;1.794343856;;;;
0.0;;;;;;;0.08771219364489923;;;;1.8643719840000001;;;;
0.0;;;;;;;0.0;;;;1.942076528;;;;
0.0;;;;;;;0.006371693176789293;;;;61.711684608000006;;;;
0.0;;;;;;;4.679358862340171E-5;;;;11.456100464;;;;
0.0;;;;;;;0.0;;;;3.4243004160000003;;;;
0.0;;;;;;;1.4788942540104624E-16;;;;1.7322055840000001;;;;
0.0;;;;;;;0.0;;;;1.776013344;;;;
0.0;;;;;;;0.0;;;;1.891097792;;;;
0.0;;;;;;;1.0702652210464142E-5;;;;2.890233024;;;;
0.0;;;;;;;2.07476834116552E-16;;;;61.796982128;;;;
0.0;;;;;;;1.4025424373718593E-16;;;;3.574305632;;;;
0.0;;;;;;;1.5745103669545243E-16;;;;1.6683577440000001;;;;
0.0;;;;;;;0.0;;;;1.8145392800000002;;;;
7.275957614183426E-12;;;;;;;0.0;;;;1.872024144;;;;
0.0;;;;;;;0.0;;;;31.294070208;;;;
0.0;;;;;;;2.5061922630981144E-16;;;;15.909611168000001;;;;
35.382126163161956;;;;;;;0.00325779016648466;;;;3.36108648;;;;
2.0;;;;;;;9.772777233107714E-4;;;;1.975197856;;;;
687.6123687692088;;;;;;;2.5944755474722777E-16;;;;1.9115760800000001;;;;
0.0;;;;;;;2.1283145619286128E-16;;;;1.8119393600000002;;;;
0.0;;;;;;;0.08730031094165985;;;;28.301182368000003;;;;
2.1827872842550278E-11;;;;;;;0.0;;;;20.327211984;;;;
0.0;;;;;;;0.0;;;;9.527589024000001;;;;
20.0;;;;;;;0.0;;;;1.8192840000000001;;;;
15.999999999996362;;;;;;;0.0;;;;2.012250336;;;;
24.0;;;;;;;2.2123569082343338E-16;;;;1.9342641440000001;;;;
18.0;;;;;;;5.427352316358525E-4;;;;4.184354176;;;;
16.000000000003638;;;;;;;0.0;;;;11.968219776000002;;;;
2064.0845813582673;;;;;;;0.0;;;;4.345812352;;;;
0.0;;;;;;;0.0;;;;1.807680208;;;;
129.8083436748857;;;;;;;0.06513518718072461;;;;1.82859312;;;;
1.1907027071247285;;;;;;;0.0;;;;1.925668224;;;;
0.0;;;;;;;2.657256348886872E-16;;;;3.8375414560000003;;;;
3.637978807091713E-12;;;;;;;0.0;;;;61.795748192000005;;;;
0.0;;;;;;;0.0;;;;3.51865072;;;;
0.0;;;;;;;1.4200000129433562E-16;;;;1.775906352;;;;
0.2928970212524291;;;;;;;1.205398601062161E-16;;;;1.9540446880000002;;;;
7.275957614183426E-12;;;;;;;0.001584021818960471;;;;1.898259216;;;;
3.637978807091713E-12;;;;;;;2.787816886282804E-16;;;;2.274003888;;;;
3.637978807091713E-12;;;;;;;0.0;;;;9.119533056;;;;
0.0;;;;;;;0.0;;;;12.816951936;;;;
0.0;;;;;;;6.949855256205474E-4;;;;1.860933968;;;;
0.0;;;;;;;0.0;;;;1.8627760800000002;;;;
7.275957614183426E-12;;;;;;;1.235490629574749E-16;;;;1.9797334400000002;;;;
65.45673698071187;;;;;;;0.0;;;;2.7484167360000002;;;;
17.999999999996362;;;;;;;2.8400000258867125E-16;;;;6.616736928000001;;;;
7.275957614183426E-12;;;;;;;0.0039052662147771116;;;;5.762527088000001;;;;
7.275957614183426E-12;;;;;;;1.4452405598353653E-16;;;;1.9112018560000001;;;;
2794.797646242914;;;;;;;0.0;;;;1.8137876320000001;;;;
0.0;;;;;;;0.0;;;;1.921374064;;;;
0.0;;;;;;;1.4788942540104624E-16;;;;2.1636638400000003;;;;
0.0;;;;;;;1.4264304106438296E-4;;;;6.185291248;;;;
0.0;;;;;;;0.0;;;;61.701826192000006;;;;
7.275957614183426E-12;;;;;;;0.0;;;;1.778196848;;;;
11.999999999996362;;;;;;;1.7951996069188886E-16;;;;1.8376940800000001;;;;
0.0;;;;;;;2.6326294943613226E-16;;;;2.169220944;;;;
0.0;;;;;;;0.0;;;;2.310312272;;;;
0.0;;;;;;;0.0;;;;6.2973477120000005;;;;
1852.1449182382676;;;;;;;1.5724648043471606E-16;;;;3.784836448;;;;
0.0;;;;;;;1.789639098025377E-16;;;;1.8107904000000001;;;;
1.8189894035458565E-12;;;;;;;0.0;;;;1.86972504;;;;
0.0;;;;;;;0.0;;;;1.932232256;;;;
0.0;;;;;;;3.7149665195497164E-4;;;;2.231508576;;;;
3.637978807091713E-12;;;;;;;1.8724117828811977E-16;;;;7.608619552;;;;
1.8189894035458565E-12;;;;;;;1.7298808389207715E-16;;;;6.2801285920000005;;;;
24.000000000041837;;;;;;;2.0531732223425104E-16;;;;1.87864816;;;;
7.275957614183426E-12;;;;;;;0.0;;;;1.9077329440000002;;;;
0.0;;;;;;;0.0;;;;2.028434512;;;;
0.0;;;;;;;1.990503072837074E-16;;;;2.160984976;;;;
14.0;;;;;;;0.0;;;;10.45388664;;;;
0.0;;;;;;;1.0358094300300806E-4;;;;5.5341912;;;;
3.637978807091713E-12;;;;;;;0.0;;;;1.8346414240000002;;;;
0.0;;;;;;;1.5621672935231307E-16;;;;1.860380592;;;;
7.275957614183426E-12;;;;;;;0.0;;;;1.935472816;;;;
90.48281786043299;;;;;;;0.0;;;;2.01856384;;;;
9.094947017729282E-13;;;;;;;0.05396463148757863;;;;4.340815776;;;;
0.0;;;;;;;0.002791647582366769;;;;16.560499936;;;;
0.0;;;;;;;0.15953731138214813;;;;1.840648528;;;;
3.637978807091713E-12;;;;;;;5.780822964807513E-5;;;;1.8672144480000001;;;;
3.6324412835529074;;;;;;;1.8393708456755377E-16;;;;1.8989645920000002;;;;
0.0;;;;;;;3.7651374830116565E-16;;;;1.9981565440000002;;;;
0.0;;;;;;;4.98779354644579E-14;;;;14.351784272000002;;;;
7.275957614183426E-12;;;;;;;0.03570469570944449;;;;61.86050504000001;;;;
7.275957614183426E-12;;;;;;;2.1094536954263151E-16;;;;1.8138137600000002;;;;
0.0;;;;;;;1.6646483545231405E-16;;;;1.716084112;;;;
0.0;;;;;;;0.0;;;;2.021540544;;;;
3.637978807091713E-12;;;;;;;4.564094536995945E-4;;;;2.0272924800000003;;;;
7.275957614183426E-12;;;;;;;1.7431952730726573E-16;;;;14.63842952;;;;
0.0;;;;;;;0.0;;;;3.199175776;;;;
0.0;;;;;;;1.7298808389207715E-16;;;;1.7549008320000001;;;;
4.090757019792363;;;;;;;1.6730324961823565E-16;;;;1.6735026400000002;;;;
3.637978807091713E-12;;;;;;;1.6754346276225023E-16;;;;1.8295568160000002;;;;
7.275957614183426E-12;;;;;;;0.001519281107840353;;;;2.0049881760000003;;;;
7.275957614183426E-12;;;;;;;0.0;;;;4.165626544;;;;
0.0;;;;;;;1.9317621270523716E-16;;;;10.522403424;;;;
0.0;;;;;;;0.0;;;;1.908861984;;;;
3.637978807091713E-12;;;;;;;3.891554815840791E-4;;;;1.892008608;;;;
0.0;;;;;;;9.861371628968041E-4;;;;1.8876544640000001;;;;
4.000000000007276;;;;;;;0.0;;;;2.330511424;;;;
0.0;;;;;;;0.0;;;;19.722174560000003;;;;
9.094947017729282E-13;;;;;;;1.6579407196455828E-16;;;;61.79673368;;;;
0.0;;;;;;;0.0;;;;1.904895328;;;;
0.0;;;;;;;1.8957951313483503E-16;;;;1.749359136;;;;
1764.972908971824;;;;;;;0.0;;;;1.9003603040000001;;;;
61.17564955810303;;;;;;;0.0;;;;1.942442288;;;;
20.89732687281277;;;;;;;1.6620187968610031E-16;;;;2.16756816;;;;
1.1907027071283665;;;;;;;1.4472420039858077E-16;;;;4.539055248;;;;
7.275957614183426E-12;;;;;;;0.0;;;;1.7329841600000002;;;;
1.4551915228366852E-11;;;;;;;2.407201049870529E-16;;;;1.808203712;;;;
8.549250196665525E-10;;;;;;;0.0;;;;3.4774767520000003;;;;
186.28567939445566;;;;;;;0.0;;;;63.505716128;;;;
3.637978807091713E-12;;;;;;;1.6754343961411536E-16;;;;19.963500640000003;;;;
7.275957614183426E-12;;;;;;;0.05920460215667116;;;;14.607098912000001;;;;
0.0;;;;;;;0.0;;;;17.010980464;;;;
10.0;;;;;;;0.0;;;;10.996748512;;;;
9.094947017729282E-13;;;;;;;1.6205456608925025E-16;;;;3.4078252960000004;;;;
0.0;;;;;;;0.0;;;;6.741107664;;;;
7.275957614183426E-12;;;;;;;1.5475946925294426E-16;;;;5.927612336;;;;
7.275957614183426E-12;;;;;;;1.961167308448368E-16;;;;7.8181131200000005;;;;
3.637978807091713E-12;;;;;;;1.7863246524644777E-16;;;;63.437391600000005;;;;
19.99999999979991;;;;;;;0.0200838851476535;;;;5.383604416000001;;;;
0.0;;;;;;;1.1635061158761397E-16;;;;3.6164702720000004;;;;
7.275957614183426E-12;;;;;;;0.0;;;;5.78286792;;;;
0.0;;;;;;;1.2816212672684545E-16;;;;3.7709116320000002;;;;
9.999999999996362;;;;;;;1.7298807155354668E-16;;;;5.662922448000001;;;;
15.91522393125706;;;;;;;0.0;;;;5.516515664;;;;
0.0;;;;;;;8.436599432483349E-4;;;;5.78593096;;;;
0.0;;;;;;;2.461520199070672E-16;;;;3.9016375840000004;;;;
7.275957614183426E-12;;;;;;;0.0;;;;3.600546592;;;;
0.0;;;;;;;0.0;;;;6.4052973600000005;;;;
3.637978807091713E-12;;;;;;;3.279214118815434E-16;;;;3.534667664;;;;
0.0;;;;;;;1.5578497802869288E-16;;;;5.773181984000001;;;;
0.0;;;;;;;1.19232331955177E-16;;;;5.89391496;;;;
7.275957614183426E-12;;;;;;;1.586892353105182E-16;;;;3.5449256800000004;;;;
3.637978807091713E-12;;;;;;;2.1425702818462524E-16;;;;38.307044128;;;;
0.0;;;;;;;1.4617145050217056E-16;;;;5.336917968000001;;;;
9.094947017729282E-13;;;;;;;7.459977987921357E-5;;;;3.6185780480000003;;;;
0.0;;;;;;;1.122006990051453E-16;;;;11.457010784000001;;;;
0.0;;;;;;;2.0516065022913155E-16;;;;5.73157456;;;;
3.637978807091713E-12;;;;;;;2.4163494265669163E-16;;;;3.361833024;;;;
1130.6926736056193;;;;;;;9.951476707853791E-4;;;;5.76921512;;;;
0.0;;;;;;;0.0;;;;3.506686848;;;;
0.0;;;;;;;2.132432661837114E-16;;;;3.613628224;;;;
7.275957614183426E-12;;;;;;;1.39022398132415E-16;;;;18.969812368;;;;
0.0;;;;;;;0.00408612205080063;;;;15.791552560000001;;;;
3.637978807091713E-12;;;;;;;1.7678021986878975E-16;;;;3.5916695200000004;;;;
4.547473508864641E-13;;;;;;;2.7831382139228796E-16;;;;6.147387040000001;;;;
7.275957614183426E-12;;;;;;;0.0;;;;3.6696784960000004;;;;
791.6161383044164;;;;;;;0.0;;;;3.7674091840000004;;;;
1.8189894035458565E-12;;;;;;;0.0;;;;6.4328628000000005;;;;
0.0;;;;;;;1.5743963474010227E-16;;;;28.60269432;;;;
9.094947017729282E-13;;;;;;;0.0;;;;3.375749744;;;;
7.275957614183426E-12;;;;;;;1.9189224347243748E-16;;;;7.1062611040000006;;;;
0.0;;;;;;;0.0;;;;4.320305424;;;;
18.000000000003638;;;;;;;0.0;;;;4.28018128;;;;
7.275957614183426E-12;;;;;;;0.0;;;;6.3062996;;;;
0.0;;;;;;;0.0;;;;3.97088616;;;;
0.0;;;;;;;0.0;;;;3.417541008;;;;
1.4551915228366852E-11;;;;;;;0.0;;;;6.636970512;;;;
3.637978807091713E-12;;;;;;;4.475385239280714E-16;;;;3.5047999360000004;;;;
3.637978807091713E-12;;;;;;;4.471892678573014E-16;;;;3.778446;;;;
4.547473508864641E-13;;;;;;;8.372495704939437E-14;;;;12.09886616;;;;
7.275957614183426E-12;;;;;;;0.0;;;;4.075969712;;;;
7.275957614183426E-12;;;;;;;0.0;;;;3.5552821120000004;;;;
1.999999999996362;;;;;;;1.9927354518299052E-16;;;;6.4082257600000005;;;;
3.637978807091713E-12;;;;;;;1.6737296422413137E-16;;;;3.4958938880000003;;;;
4.547473508864641E-13;;;;;;;1.251037070322966E-16;;;;3.417057712;;;;
7.275957614183426E-12;;;;;;;0.0;;;;6.519129808000001;;;;
43.634130699741945;;;;;;;3.0455906849054925E-16;;;;13.904067984000001;;;;
0.0;;;;;;;1.1294235192412117E-16;;;;3.5057601120000004;;;;
7.275957614183426E-12;;;;;;;1.5415407412812355E-16;;;;3.9258122080000004;;;;
2.2737367544323206E-13;;;;;;;0.0;;;;3.744189856;;;;
135.12969444636838;;;;;;;0.0;;;;3.6282164960000003;;;;
7.275957614183426E-12;;;;;;;1.661823273023148E-16;;;;6.2527959520000005;;;;
7.275957614183426E-12;;;;;;;0.0;;;;7.807366880000001;;;;
0.0;;;;;;;2.8187257656551065E-16;;;;3.340299232;;;;
0.0;;;;;;;0.0;;;;4.233658752;;;;
0.0;;;;;;;0.0;;;;3.613566928;;;;
7.275957614183426E-12;;;;;;;0.0;;;;3.6764849120000003;;;;
0.0;;;;;;;2.337504770422727E-15;;;;15.70696616;;;;
7.275957614183426E-12;;;;;;;0.0;;;;10.535164528000001;;;;
0.0;;;;;;;1.7154289200708637E-16;;;;3.3264357920000003;;;;
0.0;;;;;;;0.0;;;;4.931379504000001;;;;
0.0;;;;;;;0.0;;;;3.5002694240000003;;;;
0.0;;;;;;;2.877797782148326E-16;;;;4.181744976;;;;
0.0;;;;;;;0.0;;;;4.794161536000001;;;;
0.0;;;;;;;0.0;;;;8.812437632;;;;
1.4551915228366852E-11;;;;;;;0.09389671361502347;;;;3.4688278080000003;;;;
2.1827872842550278E-11;;;;;;;0.0;;;;7.111365696;;;;
2.1718733478337526E-9;;;;;;;3.0396645661010764E-16;;;;3.514423808;;;;
0.0;;;;;;;7.79034351648654E-5;;;;5.2898168960000005;;;;
0.0;;;;;;;0.0;;;;63.508576432000005;;;;
7.275957614183426E-12;;;;;;;0.0;;;;6.37012432;;;;
7.275957614183426E-12;;;;;;;0.0;;;;3.4304679200000003;;;;
3.637978807091713E-12;;;;;;;1.6291745053249677E-16;;;;6.339724240000001;;;;
0.0;;;;;;;0.0;;;;3.430011136;;;;
1.1368683772161603E-13;;;;;;;0.0;;;;6.14471128;;;;
3.637978807091713E-12;;;;;;;0.0;;;;16.434332976;;;;
7.275957614183426E-12;;;;;;;1.7975622084946897E-16;;;;4.288953392000001;;;;
0.0;;;;;;;0.0;;;;3.4314990400000003;;;;
0.0;;;;;;;4.254746920719163E-16;;;;5.780681536;;;;
5.6843418860808015E-14;;;;;;;0.0;;;;3.54870168;;;;
0.0;;;;;;;0.0;;;;7.726003872000001;;;;
1.4551915228366852E-11;;;;;;;2.479488912791939E-4;;;;22.152140032000002;;;;
0.0;;;;;;;1.5138364971878846E-16;;;;7.302554768;;;;
0.0;;;;;;;0.1266705007585264;;;;3.3903110560000003;;;;
0.0;;;;;;;0.0;;;;17.872499872000002;;;;
8.731149137020111E-11;;;;;;;0.0010389879406557745;;;;3.40007152;;;;
0.0;;;;;;;0.001225340502807117;;;;6.389242960000001;;;;
3.637978807091713E-12;;;;;;;0.001358614475058742;;;;5.839361408;;;;
0.0;;;;;;;4.370892717453851E-4;;;;63.367071296000006;;;;
0.0;;;;;;;0.0025956089247075017;;;;3.5183633440000004;;;;
0.0;;;;;;;0.0017638650592133327;;;;3.8003744640000003;;;;
1.4551915228366852E-11;;;;;;;1.7884854789318053E-16;;;;3.5667187200000003;;;;
0.0;;;;;;;0.0;;;;3.894993856;;;;
0.0;;;;;;;3.172361081550968E-5;;;;63.334292944000005;;;;
4.0;;;;;;;0.0;;;;4.05481144;;;;
0.0;;;;;;;1.5463915107593268E-16;;;;3.562150432;;;;
1.4551915228366852E-11;;;;;;;0.0;;;;5.454462576;;;;
1.9999999998617568;;;;;;;1.9121620265778157E-16;;;;3.4417028640000003;;;;
0.0;;;;;;;5.051856590996731E-6;;;;6.051204256;;;;
0.0;;;;;;;0.0036380916008173945;;;;4.977034832;;;;
0.0;;;;;;;0.0052589809123615985;;;;9.114050736000001;;;;
0.0;;;;;;;0.10569608609294678;;;;3.4290420480000003;;;;
3.637978807091713E-12;;;;;;;1.7527229278078774E-16;;;;3.511675632;;;;
0.0;;;;;;;0.0;;;;3.400581968;;;;
0.0;;;;;;;0.13663012382479706;;;;6.397069392000001;;;;
0.0;;;;;;;0.06656267090101298;;;;36.82042648;;;;
0.0;;;;;;;0.04022610741520671;;;;3.96192424;;;;
3.637978807091713E-12;;;;;;;1.734922757485901E-16;;;;3.315014928;;;;
0.0;;;;;;;0.0;;;;3.5454217600000004;;;;
1.4210854715202004E-14;;;;;;;1.290247233956793E-16;;;;3.5083738080000004;;;;
0.0;;;;;;;0.0;;;;4.315375728;;;;
0.0;;;;;;;0.033122737532474696;;;;63.557529936;;;;
6.0;;;;;;;0.0;;;;6.71580896;;;;
7.275957614183426E-12;;;;;;;0.0;;;;3.301802656;;;;
1.1907027071301481;;;;;;;0.0;;;;3.749951488;;;;
0.0;;;;;;;1.4595294564713967E-16;;;;3.7945232480000004;;;;
20.0;;;;;;;2.238632239223425E-16;;;;5.597634112000001;;;;
22.0;;;;;;;0.0;;;;5.084466336;;;;
20.00000000000182;;;;;;;0.0;;;;6.635890864;;;;
14.0;;;;;;;0.0;;;;3.5297873600000003;;;;
28.0;;;;;;;0.0;;;;3.6403683680000003;;;;
38.38121127998238;;;;;;;0.0;;;;3.6015907520000003;;;;
3.637978807091713E-12;;;;;;;0.008525560711809863;;;;4.0488285280000005;;;;
0.0;;;;;;;0.0;;;;3.7393534880000003;;;;
1.1219082046591211;;;;;;;2.0605029313868936E-16;;;;63.341642896;;;;
0.0;;;;;;;1.399897799589384E-16;;;;3.7004836;;;;
3.637978807091713E-12;;;;;;;0.0;;;;3.41320864;;;;
0.0;;;;;;;3.4933340402822234E-16;;;;3.7691675040000003;;;;
3.637978807091713E-12;;;;;;;0.0;;;;5.640599184;;;;
0.19562608425621875;;;;;;;0.0;;;;3.7824392000000002;;;;
55.68438035098188;;;;;;;1.399897799589384E-16;;;;3.8108694240000003;;;;
133.43086071254947;;;;;;;1.8170988887271705E-16;;;;3.369078464;;;;
2327.4098474320526;;;;;;;2.1795615331859127E-16;;;;3.5650784960000004;;;;
3.637978807091713E-12;;;;;;;0.0;;;;3.7425386560000002;;;;
0.0;;;;;;;0.0;;;;5.484080176;;;;
2285.900199208716;;;;;;;0.035419437941346534;;;;5.212782592;;;;
1805.9826790765765;;;;;;;1.7111161071833653E-16;;;;3.83086208;;;;
1007.7473224401292;;;;;;;1.901124113740433E-4;;;;3.535837856;;;;
3.637978807091713E-12;;;;;;;2.1787446142233937E-16;;;;3.5298327520000004;;;;
0.0;;;;;;;1.3405549224716555E-16;;;;3.392507584;;;;
1.8189894035458565E-12;;;;;;;1.7746782897738085E-16;;;;7.097013120000001;;;;
0.0;;;;;;;0.0;;;;3.4740132160000003;;;;
935.5493772422451;;;;;;;0.0;;;;5.997968;;;;
0.0;;;;;;;0.0;;;;3.4696986720000003;;;;
0.0;;;;;;;0.002450221894812061;;;;3.5147498720000003;;;;
0.0;;;;;;;2.0473079813592844E-16;;;;3.394869728;;;;
3.637978807091713E-12;;;;;;;0.0;;;;6.0356126240000005;;;;
7.275957614183426E-12;;;;;;;0.0;;;;3.5180683040000003;;;;
0.0;;;;;;;2.6441299606093533E-16;;;;5.245682176000001;;;;
0.0;;;;;;;0.0;;;;3.4599226400000003;;;;
0.0;;;;;;;1.336843163996484E-16;;;;3.467681744;;;;
0.0;;;;;;;0.0;;;;3.4174508;;;;
0.0;;;;;;;8.416063680509349E-5;;;;6.547489456;;;;
165.75332272993546;;;;;;;1.5142259567097102E-16;;;;3.4030137600000003;;;;
0.0;;;;;;;0.0024539805090932777;;;;63.576749536;;;;
9.094947017729282E-13;;;;;;;0.0753248758049764;;;;3.5261856000000003;;;;
3.637978807091713E-12;;;;;;;0.0;;;;3.893462432;;;;
0.0;;;;;;;2.8202811680005044E-16;;;;3.55868472;;;;
5.4569682106375694E-12;;;;;;;4.80696943559233E-4;;;;6.71137688;;;;
0.0;;;;;;;0.0;;;;3.470503872;;;;
0.0;;;;;;;1.5135987153450888E-16;;;;4.91991064;;;;
3.637978807091713E-12;;;;;;;1.4055623563426517E-16;;;;3.36552688;;;;
7.275957614183426E-12;;;;;;;0.0;;;;3.5601573600000003;;;;
3.637978807091713E-12;;;;;;;2.567801109635132E-16;;;;3.7046146880000004;;;;
0.0;;;;;;;0.0;;;;4.368969328;;;;
0.0;;;;;;;1.2673949060595597E-16;;;;3.4502317120000003;;;;
903.0163236752342;;;;;;;0.0;;;;5.228105552000001;;;;
7.275957614183426E-12;;;;;;;0.0;;;;3.449126736;;;;
3.999999999996362;;;;;;;0.0;;;;3.684698864;;;;
7.275957614183426E-12;;;;;;;1.388050722991811;;;;5.958805792000001;;;;
4.547473508864641E-13;;;;;;;0.0;;;;4.262494832000001;;;;
3.637978807091713E-12;;;;;;;0.0;;;;3.4227376;;;;
0.0;;;;;;;0.0;;;;3.945401152;;;;
0.0;;;;;;;1.2892933765549612E-16;;;;3.5204213600000003;;;;
0.0;;;;;;;0.0;;;;3.5149986240000004;;;;
23.99999999999818;;;;;;;1.8563992683662116E-16;;;;4.214721424;;;;
3.637978807091713E-12;;;;;;;1.2823076816172318E-16;;;;5.248947424000001;;;;
0.0;;;;;;;0.0;;;;3.646909776;;;;
0.0;;;;;;;1.4632594859094051E-16;;;;3.991099456;;;;
7.275957614183426E-12;;;;;;;0.0;;;;3.3563692;;;;
0.0;;;;;;;0.0;;;;3.5451290080000004;;;;
1.8189894035458565E-12;;;;;;;0.0;;;;3.97558728;;;;
0.0;;;;;;;0.0;;;;4.179220768;;;;
2.000000000003638;;;;;;;0.0;;;;3.4560450240000002;;;;
3.637978807091713E-12;;;;;;;1.954466558236653E-16;;;;3.690112544;;;;
24.0;;;;;;;0.0;;;;3.5025363200000004;;;;
944.0319914649863;;;;;;;0.0;;;;3.602908112;;;;
0.0;;;;;;;0.0;;;;3.604350976;;;;
7.275957614183426E-12;;;;;;;4.689974694142032E-5;;;;4.464415872;;;;
14.0;;;;;;;1.7356453731466088E-16;;;;3.468866304;;;;
0.0;;;;;;;9.630085802663837E-14;;;;3.70304072;;;;
1.8189894035458565E-12;;;;;;;0.0;;;;3.457123488;;;;
7.275957614183426E-12;;;;;;;0.0;;;;3.303604672;;;;
0.0;;;;;;;0.0;;;;3.5383560640000002;;;;
7.275957614183426E-12;;;;;;;1.9834620777297748E-16;;;;6.261760608;;;;
0.0;;;;;;;0.0;;;;3.34798952;;;;
9.094947017729282E-13;;;;;;;0.0;;;;5.403966560000001;;;;
0.0;;;;;;;0.0;;;;3.4648169600000003;;;;
0.0;;;;;;;0.0;;;;3.4983623840000004;;;;
0.0;;;;;;;0.0;;;;4.137754368;;;;
3850.777230128144;;;;;;;2.020074356830451E-16;;;;6.477324688;;;;
0.0;;;;;;;5.856732837269817E-16;;;;3.5726524640000004;;;;
0.0;;;;;;;2.4504989859975866E-16;;;;3.77326992;;;;
0.0;;;;;;;3.1023210011869485E-16;;;;3.4780064480000004;;;;
3.637978807091713E-12;;;;;;;2.496806004632491;;;;3.469428256;;;;
0.0;;;;;;;2.1546901250247057E-16;;;;6.316835360000001;;;;
1.8189894035458565E-12;;;;;;;1.157420247073448E-16;;;;5.424525760000001;;;;
7.275957614183426E-12;;;;;;;0.0;;;;3.4114771200000003;;;;
0.0;;;;;;;0.0;;;;3.7527281120000002;;;;
3.637978807091713E-12;;;;;;;0.0;;;;3.69583984;;;;
0.0;;;;;;;8.796228524603466E-4;;;;3.509366592;;;;
0.0;;;;;;;0.0;;;;3.6058786720000002;;;;
0.0;;;;;;;0.0;;;;15.78808584;;;;
0.0;;;;;;;1.6557145532976075E-16;;;;3.6237568000000002;;;;
0.0;;;;;;;0.0;;;;5.837657344;;;;
1.8189894035458565E-12;;;;;;;5.977355179196918E-4;;;;3.349854768;;;;
0.0;;;;;;;0.0;;;;3.3047540160000004;;;;
0.0;;;;;;;0.0;;;;3.617964016;;;;
0.0;;;;;;;1.4570820212879061E-16;;;;5.782635904;;;;
1.2650667826928839;;;;;;;0.0;;;;3.6621518720000004;;;;
4.547473508864641E-13;;;;;;;0.030254707796011804;;;;7.1578301920000005;;;;
3.1241143005900085E-10;;;;;;;0.0;;;;3.528329552;;;;
0.0;;;;;;;1.134674824994097E-16;;;;3.647914096;;;;
0.0;;;;;;;0.0;;;;4.268408496;;;;
0.0;;;;;;;2.1958075446719144E-16;;;;5.437582320000001;;;;
4.547473508864641E-13;;;;;;;5.853969796441504E-4;;;;3.454553568;;;;
0.0;;;;;;;0.0;;;;7.567488064000001;;;;
0.0;;;;;;;0.0;;;;3.380372704;;;;
0.0;;;;;;;1.6283638679888768E-16;;;;3.5485301440000003;;;;
0.0;;;;;;;1.595997706254703E-16;;;;3.499469264;;;;
0.0;;;;;;;1.4236146118540727E-16;;;;5.44870712;;;;
1.8189894035458565E-12;;;;;;;1.1513361755357085E-16;;;;3.59426296;;;;
3.637978807091713E-11;;;;;;;0.0;;;;5.948845008;;;;
7.275957614183426E-12;;;;;;;0.0;;;;3.4588738880000003;;;;
7.275957614183426E-12;;;;;;;0.0;;;;3.5143499040000004;;;;
3631.6553692022717;;;;;;;1.8595603509197802E-16;;;;3.621148368;;;;
9.094947017729282E-13;;;;;;;0.0;;;;5.529374144;;;;
7.275957614183426E-12;;;;;;;0.0;;;;3.360670224;;;;
0.0;;;;;;;0.003250279244859677;;;;3.823470592;;;;
0.0;;;;;;;0.0011585288161189572;;;;3.525205552;;;;
0.0;;;;;;;9.841428519751097E-4;;;;3.4319680960000003;;;;
7.955957339539964;;;;;;;0.0;;;;3.5448600160000003;;;;
0.0;;;;;;;0.0;;;;5.239647328;;;;
0.0;;;;;;;0.0014790114585228906;;;;3.429234896;;;;
3.637978807091713E-12;;;;;;;0.0;;;;6.949204000000001;;;;
0.0;;;;;;;2.932404313022284E-5;;;;5.273579600000001;;;;
8.0;;;;;;;0.0;;;;10.172248496;;;;
0.0;;;;;;;0.0;;;;13.749659984000001;;;;
0.0;;;;;;;1.2892932851703008E-16;;;;17.045658624;;;;
3.637978807091713E-12;;;;;;;0.0;;;;24.509212;;;;
0.0;;;;;;;2.5434289292798843E-16;;;;19.285195072;;;;
273.1079279673977;;;;;;;0.0;;;;5.186219632;;;;
0.0;;;;;;;0.0;;;;64.955991008;;;;
3.637978807091713E-12;;;;;;;1.3331991566983627E-16;;;;10.543292384;;;;
0.0;;;;;;;8.403020080321185E-5;;;;8.074882992000001;;;;
9.094947017729282E-13;;;;;;;0.003179059350758258;;;;8.071608768;;;;
7.999999999998181;;;;;;;0.0;;;;7.60035272;;;;
0.0;;;;;;;0.0;;;;5.161929712;;;;
0.0;;;;;;;0.020542123881139265;;;;7.616375008;;;;
3.637978807091713E-12;;;;;;;0.0;;;;8.406916240000001;;;;
9.094947017729282E-13;;;;;;;2.3268183181382466E-16;;;;7.986735664;;;;
1.8189894035458565E-12;;;;;;;0.0;;;;5.3429348160000005;;;;
7.275957614183426E-12;;;;;;;0.0;;;;5.362965504;;;;
0.0;;;;;;;2.5221648271992907E-16;;;;5.230978096;;;;
0.0;;;;;;;1.3300581064062367;;;;8.375657440000001;;;;
0.0;;;;;;;2.0473080965735405E-16;;;;14.665337472000001;;;;
1.8189894035458565E-12;;;;;;;0.0;;;;8.206987552000001;;;;
0.0;;;;;;;0.0;;;;5.2040467360000005;;;;
0.0;;;;;;;3.5261604707933216E-5;;;;5.253246496;;;;
66.66804736472841;;;;;;;0.0;;;;5.334690384;;;;
10.508924699101044;;;;;;;0.036207532821844704;;;;7.811643888000001;;;;
14.0;;;;;;;0.0;;;;9.459966656;;;;
0.0;;;;;;;0.0;;;;5.424898768;;;;
0.0;;;;;;;1.3125641081619305E-16;;;;6.065905088;;;;
37.069501032023254;;;;;;;0.0;;;;5.3110676;;;;
0.0;;;;;;;1.2252566809609003E-16;;;;5.083668896000001;;;;
0.5222388663169113;;;;;;;0.0;;;;6.219592048;;;;
0.0;;;;;;;0.0;;;;9.428796336000001;;;;
0.0;;;;;;;2.5785865703406015E-16;;;;5.288166384;;;;
3.637978807091713E-12;;;;;;;2.0824903016942919E-16;;;;6.268827376;;;;
0.0;;;;;;;2.8819021645258163E-5;;;;5.258345488000001;;;;
3.637978807091713E-12;;;;;;;0.0;;;;5.212468832;;;;
0.0;;;;;;;0.0;;;;5.4657808480000005;;;;
0.0;;;;;;;0.0;;;;9.050243488000001;;;;
3.637978807091713E-12;;;;;;;0.3438470390458722;;;;5.306351632;;;;
0.7263988841095852;;;;;;;2.3002185203189827E-16;;;;8.205663584;;;;
56.9635821716256;;;;;;;7.969821674636839E-16;;;;5.4370239840000005;;;;
0.0;;;;;;;0.0;;;;5.252572528;;;;
0.0;;;;;;;4.5844639944130614E-4;;;;6.142666624;;;;
455.804994054346;;;;;;;1.3372599713113205E-16;;;;7.6199360160000005;;;;
0.0;;;;;;;2.0130045702224378E-16;;;;5.34237024;;;;
3.637978807091713E-12;;;;;;;1.1513361755357085E-16;;;;64.64313561600001;;;;
0.0;;;;;;;0.0;;;;5.096909792;;;;
0.0;;;;;;;1.152529714758024E-16;;;;5.121684432;;;;
7.275957614183426E-12;;;;;;;2.1042164048233007E-16;;;;5.496196608;;;;
3853.22859589846;;;;;;;2.703041617219679E-4;;;;16.314460592;;;;
3.637978807091713E-12;;;;;;;0.0;;;;5.576842032;;;;
0.0;;;;;;;0.0;;;;9.233428224;;;;
0.0;;;;;;;0.0;;;;5.09725944;;;;
1.121908204662759;;;;;;;0.0;;;;5.056205888;;;;
0.0;;;;;;;5.34402985568494E-4;;;;8.310200336000001;;;;
615.8935918204625;;;;;;;9.743921706550152E-4;;;;8.454922704000001;;;;
0.0;;;;;;;7.195431158404036E-4;;;;5.236982192;;;;
0.0;;;;;;;0.0016735695522866795;;;;64.965803456;;;;
3.637978807091713E-12;;;;;;;0.0013593139715741688;;;;5.153131136000001;;;;
0.0;;;;;;;0.002308025267693536;;;;5.184461232;;;;
1.8189894035458565E-12;;;;;;;1.5410205417216274E-16;;;;5.885945296;;;;
0.0;;;;;;;0.022364613689034776;;;;35.800442128;;;;
0.0;;;;;;;0.0;;;;5.220685264;;;;
7.275957614183426E-12;;;;;;;0.0016044498790059598;;;;7.853228048;;;;
1.8189894035458565E-12;;;;;;;3.137486177621932E-16;;;;5.212230288000001;;;;
0.5222388663132733;;;;;;;0.07310734376305951;;;;5.3225231520000005;;;;
0.0;;;;;;;1.489135384262012E-16;;;;7.6165604160000004;;;;
0.0;;;;;;;0.0;;;;9.757206256;;;;
0.0;;;;;;;3.956151555662391E-16;;;;6.053572624;;;;
2244.8342243796724;;;;;;;0.007567347366873616;;;;9.548428672;;;;
3.637978807091713E-12;;;;;;;0.0;;;;4.88962216;;;;
5.093170329928398E-11;;;;;;;1.7972329917706128E-16;;;;5.017905504000001;;;;
0.0;;;;;;;0.05447905022161786;;;;6.982605088000001;;;;
14.0;;;;;;;0.09110844067412402;;;;7.452769440000001;;;;
9.094947017729282E-13;;;;;;;1.5373104963856592E-16;;;;9.862752432;;;;
3.637978807091713E-12;;;;;;;0.0;;;;13.324187696000001;;;;
7.275957614183426E-12;;;;;;;0.0;;;;5.035902768000001;;;;
0.0;;;;;;;0.00955780916243787;;;;5.032577152;;;;
3.637978807091713E-12;;;;;;;0.0;;;;5.5724641440000005;;;;
1.8189894035458565E-12;;;;;;;0.0;;;;13.015625232000001;;;;
6.000000001000444;;;;;;;0.0;;;;50.165840128000006;;;;
0.0;;;;;;;2.0125022888772767E-16;;;;7.613905296;;;;
0.0;;;;;;;1.7288156522710317E-16;;;;5.1967055040000005;;;;
0.0;;;;;;;2.854338020921644E-16;;;;5.204180432;;;;
0.0;;;;;;;1.7888374538367578E-14;;;;7.692572752;;;;
21.050604806194315;;;;;;;0.0;;;;65.24516323200001;;;;
20.000000000003638;;;;;;;0.0;;;;9.757653488;;;;
20.0;;;;;;;0.0;;;;5.84830216;;;;
18.0;;;;;;;0.0;;;;5.228553968;;;;
20.00000000000182;;;;;;;0.0;;;;5.100127456;;;;
99.47212823792506;;;;;;;2.3190298610562424E-16;;;;7.3714848;;;;
3.637978807091713E-12;;;;;;;1.5047026604295003E-16;;;;6.958070784;;;;
706.5765669915963;;;;;;;1.8010278726405377E-16;;;;8.646997552;;;;
0.0;;;;;;;1.6127793625687355E-16;;;;5.5348458240000005;;;;
26.762149641130236;;;;;;;0.0;;;;4.993270896;;;;
1.4551915228366852E-11;;;;;;;0.0;;;;5.024703984;;;;
1783.9046062641683;;;;;;;0.0;;;;25.833072896;;;;
3.637978807091713E-12;;;;;;;0.0;;;;65.026507056;;;;
0.0;;;;;;;0.0;;;;11.763804336000002;;;;
7.275957614183426E-12;;;;;;;0.0;;;;5.500405328;;;;
377.022845672589;;;;;;;1.1609675293862064E-16;;;;5.192428736;;;;
0.0;;;;;;;0.0;;;;5.3284138080000005;;;;
3.637978807091713E-12;;;;;;;1.8010275159918675E-16;;;;8.331711024;;;;
545.6248728149712;;;;;;;0.0;;;;6.512661136;;;;
1468.8225310732741;;;;;;;1.1282100553110301E-16;;;;5.842165184000001;;;;
7.275957614183426E-12;;;;;;;0.0;;;;5.215053824;;;;
0.0;;;;;;;1.6629910498960875E-16;;;;5.1494935040000005;;;;
0.0;;;;;;;1.8010278726405377E-16;;;;5.307153264;;;;
121.55031619318834;;;;;;;0.0;;;;7.776783536000001;;;;
0.0;;;;;;;0.0;;;;22.670740944000002;;;;
0.0;;;;;;;0.0;;;;7.612788368;;;;
0.0;;;;;;;1.6629910498960875E-16;;;;4.969727584;;;;
3.637978807091713E-12;;;;;;;0.0;;;;5.246072320000001;;;;
1.8189894035458565E-12;;;;;;;1.3004613117451937E-16;;;;5.317970784;;;;
3.637978807091713E-12;;;;;;;1.1898305647401732E-16;;;;9.074150288;;;;
1.0040821507573128E-9;;;;;;;0.03425953611936;;;;7.716483136000001;;;;
0.0;;;;;;;0.0;;;;65.1471952;;;;
0.0;;;;;;;0.0;;;;5.303471984000001;;;;
0.0;;;;;;;0.0;;;;5.658757296;;;;
0.0;;;;;;;0.0;;;;5.263399728;;;;
0.0;;;;;;;0.0;;;;10.146130672;;;;
7.275957614183426E-12;;;;;;;0.0;;;;9.938650336;;;;
1.8189894035458565E-12;;;;;;;1.7132552468303025E-16;;;;27.294524832;;;;
1.8189894035458565E-12;;;;;;;0.0;;;;5.261161552;;;;
1.8189894035458565E-12;;;;;;;0.0;;;;5.145163856;;;;
0.0;;;;;;;0.0;;;;5.0524413280000005;;;;
0.0;;;;;;;0.0;;;;17.601406704000002;;;;
0.0;;;;;;;0.0;;;;9.323950192;;;;
0.0;;;;;;;1.2303801571339902E-16;;;;18.534431824000002;;;;
0.0;;;;;;;0.0;;;;5.36055448;;;;
0.0;;;;;;;1.4192737253125995E-16;;;;5.333833616000001;;;;
3.637978807091713E-12;;;;;;;1.6629910498960878E-16;;;;5.227997264000001;;;;
0.0;;;;;;;1.7132549240969228E-16;;;;22.261949792000003;;;;
1.8189894035458565E-12;;;;;;;0.0;;;;12.517552896000002;;;;
0.0;;;;;;;0.0;;;;6.307815408000001;;;;
7.275957614183426E-12;;;;;;;0.00771349905482575;;;;5.10976224;;;;
0.0;;;;;;;0.0;;;;5.115209904;;;;
1.8189894035458565E-12;;;;;;;0.0;;;;5.466188880000001;;;;
1.8189894035458565E-12;;;;;;;2.484365071632E-16;;;;64.92196696;;;;
0.0;;;;;;;0.0;;;;65.079230816;;;;
0.0;;;;;;;3.072922777108504E-4;;;;16.991919312;;;;
0.0;;;;;;;1.1623946974162422E-6;;;;5.1300899200000005;;;;
1.8189894035458565E-12;;;;;;;0.0;;;;5.055361424;;;;
0.0;;;;;;;1.1560805271066698E-16;;;;5.102706064;;;;
9.094947017729282E-13;;;;;;;0.0;;;;10.36858144;;;;
7.275957614183426E-12;;;;;;;1.5457901544767718E-14;;;;6.582079936;;;;
895.7188788769708;;;;;;;0.0;;;;11.202221024;;;;
0.0;;;;;;;0.0;;;;5.183553936;;;;
0.0;;;;;;;0.0;;;;5.31650424;;;;
0.0;;;;;;;0.0;;;;5.018307472;;;;
0.0;;;;;;;0.0;;;;64.94149214400001;;;;
0.0;;;;;;;1.5512159765282938E-16;;;;7.101422032;;;;
0.0;;;;;;;1.3986079984196902E-16;;;;26.037988896;;;;
1.8189894035458565E-12;;;;;;;0.0;;;;5.324475696;;;;
0.0;;;;;;;0.0;;;;5.237404816000001;;;;
0.0;;;;;;;0.0;;;;5.35950288;;;;
0.0;;;;;;;1.1202737534061838E-16;;;;9.433383408000001;;;;
0.0;;;;;;;1.621325135944034E-16;;;;17.094602064;;;;
0.0;;;;;;;0.0;;;;65.19132329600001;;;;
9.094947017729282E-13;;;;;;;0.0;;;;5.386979856;;;;
0.0;;;;;;;0.0;;;;5.2057863840000005;;;;
3.637978807091713E-12;;;;;;;0.009222818490552117;;;;5.0331980640000005;;;;
1.8189894035458565E-12;;;;;;;0.0;;;;9.813281776;;;;
1.8189894035458565E-12;;;;;;;0.0;;;;9.875052176;;;;
0.0;;;;;;;0.0;;;;7.686754256;;;;
0.0;;;;;;;0.0;;;;5.120358112;;;;
167.70916743683847;;;;;;;0.0;;;;4.967510912000001;;;;
0.0;;;;;;;1.846498122238042E-16;;;;5.182093536;;;;
0.0;;;;;;;0.04478074703965343;;;;10.414748464;;;;
1.8189894035458565E-12;;;;;;;0.0;;;;9.383781904000001;;;;
0.0;;;;;;;0.0;;;;8.273678576;;;;
8.0;;;;;;;1.3591291918090897E-16;;;;5.248747776;;;;
0.015517057054239558;;;;;;;0.0;;;;5.132945344;;;;
0.0;;;;;;;0.0;;;;5.279455104;;;;
4.547473508864641E-13;;;;;;;0.0;;;;65.21257992000001;;;;
0.0;;;;;;;0.0;;;;10.923187952000001;;;;
4.5838532969355583E-10;;;;;;;0.0;;;;9.990713984000001;;;;
0.0;;;;;;;0.0;;;;5.142535792;;;;
0.0;;;;;;;0.0;;;;5.150633904;;;;
0.0;;;;;;;0.0;;;;5.06085528;;;;
0.0;;;;;;;0.0;;;;7.6118137280000004;;;;
0.0;;;;;;;0.0;;;;65.02719793600001;;;;
1.8189894035458565E-12;;;;;;;1.2745747631463644E-16;;;;32.536153008;;;;
9.094947017729282E-13;;;;;;;1.2871072591474002E-16;;;;4.983658512;;;;
0.0;;;;;;;0.0;;;;5.0464458720000005;;;;
0.0;;;;;;;0.0;;;;5.475307600000001;;;;
0.0;;;;;;;0.0;;;;10.429753584;;;;
9.094947017729282E-13;;;;;;;1.4163408493161493E-16;;;;11.400087504;;;;
9.094947017729282E-13;;;;;;;0.0;;;;65.063459408;;;;
0.0;;;;;;;0.0;;;;5.194084640000001;;;;
0.0;;;;;;;1.8827732062594406E-16;;;;5.247485200000001;;;;
0.0;;;;;;;0.0;;;;5.240431904;;;;
100.87973177119238;;;;;;;0.0;;;;8.849643024;;;;
0.0;;;;;;;1.6631606995533445E-16;;;;65.226796512;;;;
0.0;;;;;;;0.0;;;;8.278289632;;;;
0.0;;;;;;;0.0;;;;5.150548000000001;;;;
0.0;;;;;;;1.66902585967491E-16;;;;4.944373216000001;;;;
0.0;;;;;;;1.998044730703598E-5;;;;5.42338592;;;;
9.094947017729282E-13;;;;;;;0.0027781667547391972;;;;22.733603152;;;;
122.16684293981552;;;;;;;0.0;;;;64.94650864;;;;
0.0;;;;;;;0.0;;;;9.672947456000001;;;;
0.0;;;;;;;0.0;;;;4.89754496;;;;
1.8189894035458565E-12;;;;;;;9.748683484155801E-14;;;;5.187208064;;;;
0.0;;;;;;;1.1811004823522083E-13;;;;5.35102624;;;;
0.0;;;;;;;0.0;;;;43.485080672;;;;
0.0;;;;;;;0.0;;;;6.818663600000001;;;;
0.0;;;;;;;1.6629910498960875E-16;;;;65.237087472;;;;
0.0;;;;;;;0.004573327451033435;;;;4.939370672;;;;
0.0;;;;;;;0.017061523193559715;;;;5.104358240000001;;;;
0.0;;;;;;;0.0;;;;5.35802312;;;;
0.0;;;;;;;0.0;;;;12.599543504000001;;;;
0.0;;;;;;;0.001425473278684309;;;;65.04182265600001;;;;
0.0;;;;;;;0.0;;;;8.89111928;;;;
4.547473508864641E-13;;;;;;;0.0;;;;5.0497752160000005;;;;
4.547473508864641E-13;;;;;;;1.915834855490923E-16;;;;5.1756036960000005;;;;
0.0;;;;;;;1.5852143588985312E-16;;;;5.21383768;;;;
0.0;;;;;;;2.0390102804795366E-16;;;;7.233132144000001;;;;
0.0;;;;;;;0.0026559908835795416;;;;6.921797248000001;;;;
4.547473508864641E-13;;;;;;;0.04786759445771956;;;;8.433870448;;;;
0.0;;;;;;;1.915834855490923E-16;;;;5.0358362880000005;;;;
0.0;;;;;;;0.0;;;;4.8847995200000005;;;;
7.275957614183426E-12;;;;;;;2.0390102804795366E-16;;;;5.170765136;;;;
0.0;;;;;;;1.088274478349433E-4;;;;9.042352576;;;;
0.0;;;;;;;0.016723675928147025;;;;64.98774424;;;;
4.547473508864641E-13;;;;;;;1.915834855490923E-16;;;;6.8097172640000005;;;;
0.0;;;;;;;0.0;;;;5.1181354720000005;;;;
0.0;;;;;;;1.5047026604295E-16;;;;5.08072744;;;;
1.8189894035458565E-12;;;;;;;0.0874859001789518;;;;5.354446384;;;;
0.10875224266237637;;;;;;;0.05818036152289453;;;;11.74989848;;;;
23.99999999999818;;;;;;;1.915834855490923E-16;;;;15.537873136000002;;;;
0.0;;;;;;;0.0;;;;5.76623456;;;;
0.0;;;;;;;0.0010681154410286337;;;;4.993083296;;;;
0.0;;;;;;;0.0;;;;4.959327616;;;;
2.2600943339057267E-10;;;;;;;0.0;;;;5.088172528;;;;
3.228706191293895E-10;;;;;;;1.915834855490923E-16;;;;10.306600624000001;;;;
0.0;;;;;;;1.5363360404030156E-16;;;;65.18827896;;;;
0.0;;;;;;;0.0;;;;65.008276608;;;;
1.8189894035458565E-12;;;;;;;0.0;;;;5.071613136000001;;;;
28.00000000000091;;;;;;;0.0027090279761872024;;;;4.979110048;;;;
66.2236566604115;;;;;;;1.915834855490923E-16;;;;5.234675360000001;;;;
0.0;;;;;;;0.0;;;;10.313292208;;;;
0.0;;;;;;;2.0390102804795366E-16;;;;8.847715024000001;;;;
26.0;;;;;;;1.279526738889518E-16;;;;9.21483104;;;;
0.0;;;;;;;0.0;;;;5.021415152;;;;
0.0;;;;;;;1.915834855490923E-16;;;;4.852077536;;;;
1.4551915228366852E-11;;;;;;;0.0;;;;5.418521712;;;;
7.275957614183426E-12;;;;;;;0.0;;;;13.929049984;;;;
3.637978807091713E-12;;;;;;;0.011585415523293353;;;;13.373458752000001;;;;
20.0;;;;;;;2.1236556500274883E-16;;;;6.488539488000001;;;;
169.120997978569;;;;;;;1.915834855490923E-16;;;;4.923565648;;;;
1.4551915228366852E-11;;;;;;;0.0;;;;5.0722227360000005;;;;
0.0;;;;;;;0.0;;;;5.209465888;;;;
3.637978807091713E-12;;;;;;;0.0;;;;10.32382448;;;;
1.022119225890492;;;;;;;0.6057533252897893;;;;14.067314656;;;;
50.4019348063166;;;;;;;1.915834855490923E-16;;;;6.067475872;;;;
1.4551915228366852E-11;;;;;;;0.0;;;;4.951603072;;;;
0.0;;;;;;;0.0;;;;5.204032896;;;;
1.8189894035458565E-12;;;;;;;0.0010854459540134125;;;;6.958200112;;;;
655.6491314721216;;;;;;;0.0;;;;47.837496560000005;;;;
236.80281999225826;;;;;;;1.915834855490923E-16;;;;38.58182216;;;;
1.4551915228366852E-11;;;;;;;6.644004155436096E-4;;;;66.801104048;;;;
0.0;;;;;;;1.6657716281508175E-16;;;;66.882133744;;;;
17.82817948147931;;;;;;;1.7132549240969228E-16;;;;59.335856384;;;;
0.0;;;;;;;0.0;;;;7.0789867200000005;;;;
0.0;;;;;;;1.915834855490923E-16;;;;23.380599280000002;;;;
1.4551915228366852E-11;;;;;;;0.0;;;;66.639542848;;;;
7.275957614183426E-12;;;;;;;5.35611180662305E-16;;;;14.94181704;;;;
0.0;;;;;;;0.012105640312127911;;;;20.261839136000003;;;;
0.0;;;;;;;1.0689269788563817E-13;;;;11.002133952000001;;;;
25.46913365925866;;;;;;;;;;;6.8504615520000005;;;;
1.4551915228366852E-11;;;;;;;;;;;7.577279264;;;;
0.0;;;;;;;;;;;11.821333696;;;;
3.637978807091713E-12;;;;;;;;;;;10.967477824000001;;;;
9.094947017729282E-13;;;;;;;;;;;23.773373392;;;;
0.0;;;;;;;;;;;10.448919120000001;;;;
1.4551915228366852E-11;;;;;;;;;;;6.856935024;;;;
0.0;;;;;;;;;;;10.781430304;;;;
0.0;;;;;;;;;;;66.57313036800001;;;;
108.52750707279483;;;;;;;;;;;66.637358752;;;;
9.094947017729282E-13;;;;;;;;;;;8.143861648;;;;
1.4551915228366852E-11;;;;;;;;;;;9.699101456000001;;;;
0.0;;;;;;;;;;;6.723557872000001;;;;
0.0;;;;;;;;;;;11.501980448000001;;;;
0.0;;;;;;;;;;;14.669097216;;;;
1780.7042923120835;;;;;;;;;;;11.667947680000001;;;;
1.4551915228366852E-11;;;;;;;;;;;8.123948016;;;;
0.0;;;;;;;;;;;6.86358608;;;;
0.0;;;;;;;;;;;6.883769952000001;;;;
10.0;;;;;;;;;;;7.454535040000001;;;;
0.0;;;;;;;;;;;7.539362832;;;;
1.4551915228366852E-11;;;;;;;;;;;10.083386736000001;;;;
31.917766766455316;;;;;;;;;;;7.764686032;;;;
3.637978807091713E-12;;;;;;;;;;;7.00369224;;;;
1.8189894035458565E-12;;;;;;;;;;;6.884557808;;;;
0.0;;;;;;;;;;;7.388963056000001;;;;
1.4551915228366852E-11;;;;;;;;;;;10.137835856;;;;
0.0;;;;;;;;;;;10.32237048;;;;
1.0913936421275139E-11;;;;;;;;;;;8.239908672;;;;
128.5274662934662;;;;;;;;;;;7.682878560000001;;;;
2.9194779926910996E-10;;;;;;;;;;;6.678667776;;;;
;;;;;;;;;;;7.342633664;;;;
;;;;;;;;;;;6.91312568;;;;
;;;;;;;;;;;8.819029648;;;;
;;;;;;;;;;;10.978853904000001;;;;
;;;;;;;;;;;7.035244560000001;;;;
;;;;;;;;;;;6.980143728000001;;;;
;;;;;;;;;;;8.520504800000001;;;;
;;;;;;;;;;;8.806996096;;;;
;;;;;;;;;;;7.582401664000001;;;;
;;;;;;;;;;;66.722472416;;;;
;;;;;;;;;;;7.369828432;;;;
;;;;;;;;;;;6.691687152;;;;
;;;;;;;;;;;7.465189296;;;;
;;;;;;;;;;;7.082171168;;;;
;;;;;;;;;;;14.079146432000002;;;;
;;;;;;;;;;;7.535323088;;;;
;;;;;;;;;;;7.426272096000001;;;;
;;;;;;;;;;;7.1061253760000005;;;;
;;;;;;;;;;;7.234257712000001;;;;
;;;;;;;;;;;10.377982128000001;;;;
;;;;;;;;;;;8.825577232;;;;
;;;;;;;;;;;7.814143696;;;;
;;;;;;;;;;;6.561599808;;;;
;;;;;;;;;;;6.635352;;;;
;;;;;;;;;;;7.108751152000001;;;;
;;;;;;;;;;;11.860626208000001;;;;
;;;;;;;;;;;10.977513312000001;;;;
;;;;;;;;;;;7.1392864320000005;;;;
;;;;;;;;;;;7.199888400000001;;;;
;;;;;;;;;;;6.766933664000001;;;;
;;;;;;;;;;;6.9840049760000005;;;;
;;;;;;;;;;;10.396228672000001;;;;
;;;;;;;;;;;7.5710391360000004;;;;
;;;;;;;;;;;8.01514208;;;;
;;;;;;;;;;;7.721802208000001;;;;
;;;;;;;;;;;6.831646976;;;;
;;;;;;;;;;;7.3084855200000005;;;;
;;;;;;;;;;;7.878463664000001;;;;
;;;;;;;;;;;7.742848144000001;;;;
;;;;;;;;;;;13.205775616;;;;
;;;;;;;;;;;7.7593397280000005;;;;
;;;;;;;;;;;6.631234912;;;;
;;;;;;;;;;;7.303305392;;;;
;;;;;;;;;;;10.539494096;;;;
;;;;;;;;;;;7.281945232000001;;;;
;;;;;;;;;;;13.229498000000001;;;;
;;;;;;;;;;;6.8650668480000006;;;;
;;;;;;;;;;;6.8752335360000005;;;;
;;;;;;;;;;;6.779487232;;;;
;;;;;;;;;;;12.0746148;;;;
;;;;;;;;;;;7.431683072;;;;
;;;;;;;;;;;13.682926128;;;;
;;;;;;;;;;;8.389895888;;;;
;;;;;;;;;;;6.804487888000001;;;;
;;;;;;;;;;;6.946885856000001;;;;
;;;;;;;;;;;11.789280432;;;;
;;;;;;;;;;;7.44219288;;;;
;;;;;;;;;;;11.926985008;;;;
;;;;;;;;;;;47.719440080000005;;;;
;;;;;;;;;;;6.885272544;;;;
;;;;;;;;;;;6.94000912;;;;
;;;;;;;;;;;21.72172064;;;;
;;;;;;;;;;;66.41263124800001;;;;
;;;;;;;;;;;30.521928704;;;;
;;;;;;;;;;;18.75372728;;;;
;;;;;;;;;;;6.9745470240000005;;;;
;;;;;;;;;;;6.957622384;;;;
;;;;;;;;;;;8.113818368;;;;
;;;;;;;;;;;7.708336320000001;;;;
;;;;;;;;;;;19.657524192;;;;
;;;;;;;;;;;11.085006768000001;;;;
;;;;;;;;;;;6.743032960000001;;;;
;;;;;;;;;;;6.684160304000001;;;;
;;;;;;;;;;;8.611138464;;;;
;;;;;;;;;;;8.040035024;;;;
;;;;;;;;;;;66.54944952000001;;;;
;;;;;;;;;;;6.876200032000001;;;;
;;;;;;;;;;;6.993824624;;;;
;;;;;;;;;;;7.091218704;;;;
;;;;;;;;;;;8.023769488000001;;;;
;;;;;;;;;;;35.272260624000005;;;;
;;;;;;;;;;;11.779072496000001;;;;
;;;;;;;;;;;7.2078476;;;;
;;;;;;;;;;;6.792563664;;;;
;;;;;;;;;;;6.76966624;;;;
;;;;;;;;;;;13.017870192;;;;
;;;;;;;;;;;8.396498736;;;;
;;;;;;;;;;;66.860834176;;;;
;;;;;;;;;;;7.395519472;;;;
;;;;;;;;;;;6.699892608000001;;;;
;;;;;;;;;;;6.897052240000001;;;;
;;;;;;;;;;;66.52934888;;;;
;;;;;;;;;;;59.419080288;;;;
;;;;;;;;;;;13.108040352000002;;;;
;;;;;;;;;;;7.349807664;;;;
;;;;;;;;;;;6.601089488;;;;
;;;;;;;;;;;6.993256928;;;;
;;;;;;;;;;;11.140652304000001;;;;
;;;;;;;;;;;11.829274336000001;;;;
;;;;;;;;;;;8.833393408000001;;;;
;;;;;;;;;;;10.797363488;;;;
;;;;;;;;;;;6.6939448960000005;;;;
;;;;;;;;;;;7.294976368;;;;
;;;;;;;;;;;7.973492288;;;;
;;;;;;;;;;;14.668132592000001;;;;
;;;;;;;;;;;17.733313632;;;;
;;;;;;;;;;;9.581329744000001;;;;
;;;;;;;;;;;6.7192197920000005;;;;
;;;;;;;;;;;6.866954912000001;;;;
;;;;;;;;;;;7.07384008;;;;
;;;;;;;;;;;11.189240256000001;;;;
;;;;;;;;;;;16.66529624;;;;
;;;;;;;;;;;6.679010288000001;;;;
;;;;;;;;;;;6.87428048;;;;
;;;;;;;;;;;6.840764752;;;;
;;;;;;;;;;;10.113997392;;;;
;;;;;;;;;;;7.559453648000001;;;;
;;;;;;;;;;;14.986206656;;;;
;;;;;;;;;;;6.893244528;;;;
;;;;;;;;;;;6.670215600000001;;;;
;;;;;;;;;;;6.700020944;;;;
;;;;;;;;;;;12.871346128;;;;
;;;;;;;;;;;10.639674864;;;;
;;;;;;;;;;;9.599534688;;;;
;;;;;;;;;;;7.457468864000001;;;;
;;;;;;;;;;;6.708973216;;;;
;;;;;;;;;;;6.706097936000001;;;;
;;;;;;;;;;;66.809529712;;;;
;;;;;;;;;;;32.145549264;;;;
;;;;;;;;;;;14.822580304;;;;
;;;;;;;;;;;7.239644528;;;;
;;;;;;;;;;;6.852835328;;;;
;;;;;;;;;;;6.693581824000001;;;;
;;;;;;;;;;;49.617273536000006;;;;
;;;;;;;;;;;13.188508688;;;;
;;;;;;;;;;;12.461135024;;;;
;;;;;;;;;;;7.39327672;;;;
;;;;;;;;;;;6.8660312160000005;;;;
;;;;;;;;;;;7.082369456;;;;
;;;;;;;;;;;66.558237632;;;;
;;;;;;;;;;;11.973041936000001;;;;
;;;;;;;;;;;8.494156624;;;;
;;;;;;;;;;;6.869873696000001;;;;
;;;;;;;;;;;6.8151416320000004;;;;
;;;;;;;;;;;6.94546592;;;;
;;;;;;;;;;;12.490531760000001;;;;
;;;;;;;;;;;67.83711396800001;;;;
;;;;;;;;;;;17.183852832;;;;
;;;;;;;;;;;6.929252208;;;;
;;;;;;;;;;;6.945734528;;;;
;;;;;;;;;;;7.089121392;;;;
;;;;;;;;;;;66.493028128;;;;
;;;;;;;;;;;67.246190608;;;;
;;;;;;;;;;;10.64269456;;;;
;;;;;;;;;;;6.905398816000001;;;;
;;;;;;;;;;;6.810817024;;;;
;;;;;;;;;;;6.775438912;;;;
;;;;;;;;;;;67.03219392;;;;
;;;;;;;;;;;66.943363456;;;;
;;;;;;;;;;;34.362503520000004;;;;
;;;;;;;;;;;7.033921856;;;;
;;;;;;;;;;;7.078191840000001;;;;
;;;;;;;;;;;6.648261440000001;;;;
;;;;;;;;;;;66.66061256;;;;
;;;;;;;;;;;11.322078704;;;;
;;;;;;;;;;;49.593517728;;;;
;;;;;;;;;;;6.928004352;;;;
;;;;;;;;;;;6.771023216000001;;;;
;;;;;;;;;;;6.6790032;;;;
;;;;;;;;;;;11.788830672000001;;;;
;;;;;;;;;;;14.550397568000001;;;;
;;;;;;;;;;;66.765337296;;;;
;;;;;;;;;;;7.013056368000001;;;;
;;;;;;;;;;;6.943149248;;;;
;;;;;;;;;;;6.749103552;;;;
;;;;;;;;;;;18.463320368;;;;
;;;;;;;;;;;67.251514688;;;;
;;;;;;;;;;;10.093318192;;;;
;;;;;;;;;;;7.224519056;;;;
;;;;;;;;;;;7.241059264;;;;
;;;;;;;;;;;6.579464752000001;;;;
;;;;;;;;;;;14.882644256;;;;
;;;;;;;;;;;66.65249624;;;;
;;;;;;;;;;;9.616174864000001;;;;
;;;;;;;;;;;6.9617109600000004;;;;
;;;;;;;;;;;6.609213568;;;;
;;;;;;;;;;;6.581991728;;;;
;;;;;;;;;;;10.190271568;;;;
;;;;;;;;;;;66.70018419200001;;;;
;;;;;;;;;;;9.593882752;;;;
;;;;;;;;;;;6.671673456000001;;;;
;;;;;;;;;;;6.8180379040000005;;;;
;;;;;;;;;;;6.67953208;;;;
;;;;;;;;;;;66.569062224;;;;
;;;;;;;;;;;10.744096896;;;;
;;;;;;;;;;;9.435167008;;;;
;;;;;;;;;;;6.904402256;;;;
;;;;;;;;;;;6.9536644160000005;;;;
;;;;;;;;;;;6.696480448;;;;
;;;;;;;;;;;13.713037216;;;;
;;;;;;;;;;;26.452828032000003;;;;
;;;;;;;;;;;13.063027040000001;;;;
;;;;;;;;;;;6.7103110720000005;;;;
;;;;;;;;;;;6.9174602720000005;;;;
;;;;;;;;;;;6.862329152;;;;
;;;;;;;;;;;7.943650176;;;;
;;;;;;;;;;;17.124335184;;;;
;;;;;;;;;;;10.107188304000001;;;;
;;;;;;;;;;;6.58493272;;;;
;;;;;;;;;;;6.853986064000001;;;;
;;;;;;;;;;;6.732924400000001;;;;
;;;;;;;;;;;11.535024848;;;;
;;;;;;;;;;;66.613473728;;;;
;;;;;;;;;;;12.50763384;;;;
;;;;;;;;;;;6.795531056000001;;;;
